-- PostgreSQL Backup
-- Company:  (ID: 7229a30d-bb06-4e01-80d3-4162cabf93d9)
-- Backup Date: 2026-04-16 09:29:20
-- Generated by POS Retail System

SET statement_timeout = 0;
SET lock_timeout = 0;
SET client_min_messages = warning;
SET default_transaction_read_only = off;
SET client_encoding = 'UTF8';

-- Table: users (2 rows)
COPY users (status, created_at, updated_at, last_login, username, email, password, full_name, role, company_id, is_active, phone, id) FROM stdin;
active	2026-03-27 08:50:12	2026-04-13 15:03:52	2026-04-13 15:03:52	kasir1	dsf@gmail.com	$2a$10$btSKL6A8iYKJo8Jqs4dJHO7t9C8Chfitzlee5IoyUjm4TL7yVpUra	Kasir 1	cashier	7229a30d-bb06-4e01-80d3-4162cabf93d9	true	088888	a0624492-9ab0-4dbb-8d60-a1eea1c20614
active	2026-02-18 11:11:38	2026-04-16 07:17:28	2026-04-16 07:17:28	budifikri	fikriawan2007@gmail.com	$2a$10$UD7QtFmZCeHecha5FOfkRuEucEa.jJM73rpg7OBA6XqcSLWsQA2FW	Mochammad Budi FIkriawan	admin	7229a30d-bb06-4e01-80d3-4162cabf93d9	true	\N	583e3b50-e159-43bf-bd8d-e91b79975a0a
\.

-- Table: warehouses (2 rows)
COPY warehouses (id, type, city, phone, manager_id, company_id, created_at, updated_at, code, name, status, address, is_active) FROM stdin;
ba5226d8-4b25-4a2b-ac61-ab90c495f8bd	MAIN	Test City	+1234567890	\N	7229a30d-bb06-4e01-80d3-4162cabf93d9	2026-02-19 17:33:22	2026-03-03 20:16:10	TK	TOKO123	active	123 Test Street, Test City	true
7faf63da-41f0-465e-ad68-48d40b6a135f	BRANCH	Transfer City	+1234567890	\N	7229a30d-bb06-4e01-80d3-4162cabf93d9	2026-03-05 14:20:37	2026-03-10 20:48:20	WH2-20260305T07203	Second Warehouse 20260305T07203	inactive	456 Transfer Street	false
\.

-- Table: suppliers (3 rows)
COPY suppliers (name, email, address, city, company_id, is_active, code, contact_person, payment_terms, credit_limit, status, notes, created_at, id, phone, tax_id, updated_at) FROM stdin;
Test Supplier 20260303T07062	supplier_20260303T07062@example.com	123 Supplier Street	Supplier City	7229a30d-bb06-4e01-80d3-4162cabf93d9	true	SUP-1772521584647	John Doe	NET_30	10000	active	Test supplier created via API	2026-03-03 14:06:24	474a9674-122b-4f92-b6ab-7f9c683b2063	+1234567890	TAX-20260303T07062	2026-03-03 14:06:24
Test Supplier 20260303T07431	supplier_20260303T07431@example.com	123 Supplier Street	Supplier City	7229a30d-bb06-4e01-80d3-4162cabf93d9	false	SUP-1772523799582	John Doe	NET_30	10000	inactive	Test supplier created via API	2026-03-03 14:43:19	53412491-3ae7-48f9-ada7-3a68d65bf5f0	+1234567890	TAX-20260303T07431	2026-03-03 20:07:58
testt	fdf@gfg	dfgdfg	sddfdsf	7229a30d-bb06-4e01-80d3-4162cabf93d9	true	SUP-1771574599094	dfd	NET_30	0	active	\N	2026-02-20 15:03:19	57658cd5-f6df-4f22-80bd-a070fc1fa4a8	fdf	dsf	2026-03-03 20:10:25
\.

-- Table: sales (37 rows)
COPY sales (id, customer_id, company_id, sale_date, subtotal, discount_amount, paid_amount, notes, cashier_id, cash_drawer_id, tax_amount, total_amount, loyalty_points_earned, loyalty_points_redeemed, created_at, updated_at, sale_number, warehouse_id, status, change_amount) FROM stdin;
fd2f69ad-69ec-4d87-b9ff-5802ae4c90e5	\N	7229a30d-bb06-4e01-80d3-4162cabf93d9	2026-03-28 16:17:03	5000	0	6000		a0624492-9ab0-4dbb-8d60-a1eea1c20614	\N	0	5000	0	0	2026-03-28 16:17:03	2026-03-28 16:17:03	SLS-20260328-686	ba5226d8-4b25-4a2b-ac61-ab90c495f8bd	DONE	1000
e4df619b-6966-400f-9c28-53d1b76a07e9	\N	7229a30d-bb06-4e01-80d3-4162cabf93d9	2026-03-28 16:40:49	5000	0	6000		a0624492-9ab0-4dbb-8d60-a1eea1c20614	\N	0	5000	0	0	2026-03-28 16:40:49	2026-03-28 16:40:49	SLS-20260328-823	ba5226d8-4b25-4a2b-ac61-ab90c495f8bd	DONE	1000
56661fdc-52d1-40e2-9d19-aa818d91ab2c	\N	7229a30d-bb06-4e01-80d3-4162cabf93d9	2026-03-28 16:41:47	5000	0	6000		a0624492-9ab0-4dbb-8d60-a1eea1c20614	\N	0	5000	0	0	2026-03-28 16:41:47	2026-03-28 16:41:47	SLS-20260328-079	ba5226d8-4b25-4a2b-ac61-ab90c495f8bd	DONE	1000
14c0f652-fd98-4917-8869-cfd9997469fd	\N	7229a30d-bb06-4e01-80d3-4162cabf93d9	2026-03-28 16:44:42	5000	0	6000		a0624492-9ab0-4dbb-8d60-a1eea1c20614	718e3c49-e7d4-458b-8ddf-22aa7b62e182	0	5000	0	0	2026-03-28 16:44:42	2026-03-28 16:44:42	SLS-20260328-234	ba5226d8-4b25-4a2b-ac61-ab90c495f8bd	DONE	1000
0a9698d7-6fca-47fb-9492-9745e5d08050	\N	7229a30d-bb06-4e01-80d3-4162cabf93d9	2026-03-29 10:18:01	10000	0	50000		a0624492-9ab0-4dbb-8d60-a1eea1c20614	718e3c49-e7d4-458b-8ddf-22aa7b62e182	0	10000	1	0	2026-03-29 10:18:01	2026-03-29 10:18:01	SLS-20260329-883	ba5226d8-4b25-4a2b-ac61-ab90c495f8bd	DONE	40000
4b79aac0-35d9-4671-88b1-bf459efec00a	\N	7229a30d-bb06-4e01-80d3-4162cabf93d9	2026-03-29 12:48:09	5000	0	6000		a0624492-9ab0-4dbb-8d60-a1eea1c20614	718e3c49-e7d4-458b-8ddf-22aa7b62e182	0	5000	0	0	2026-03-29 12:48:09	2026-03-29 12:48:09	SLS-20260329-854	ba5226d8-4b25-4a2b-ac61-ab90c495f8bd	DONE	1000
bf042260-93c1-40b8-b486-3be49511cfab	\N	7229a30d-bb06-4e01-80d3-4162cabf93d9	2026-03-29 12:48:33	5000	0	7000		a0624492-9ab0-4dbb-8d60-a1eea1c20614	718e3c49-e7d4-458b-8ddf-22aa7b62e182	0	5000	0	0	2026-03-29 12:48:33	2026-03-29 12:48:33	SLS-20260329-173	ba5226d8-4b25-4a2b-ac61-ab90c495f8bd	DONE	2000
f1dca261-feff-4999-b70d-6db150e597b8	\N	7229a30d-bb06-4e01-80d3-4162cabf93d9	2026-03-29 12:50:36	5000	0	7000		a0624492-9ab0-4dbb-8d60-a1eea1c20614	718e3c49-e7d4-458b-8ddf-22aa7b62e182	0	5000	0	0	2026-03-29 12:50:36	2026-03-29 12:50:36	SLS-20260329-886	ba5226d8-4b25-4a2b-ac61-ab90c495f8bd	DONE	2000
951b635e-506e-44e2-ae84-2a07830dfc66	\N	7229a30d-bb06-4e01-80d3-4162cabf93d9	2026-03-29 12:51:06	5000	0	8000		a0624492-9ab0-4dbb-8d60-a1eea1c20614	718e3c49-e7d4-458b-8ddf-22aa7b62e182	0	5000	0	0	2026-03-29 12:51:06	2026-03-29 12:51:06	SLS-20260329-083	ba5226d8-4b25-4a2b-ac61-ab90c495f8bd	DONE	3000
a3e69d4a-c814-4927-a6ff-a476618d1fb3	\N	7229a30d-bb06-4e01-80d3-4162cabf93d9	2026-03-29 13:10:28	5000	0	6000		a0624492-9ab0-4dbb-8d60-a1eea1c20614	718e3c49-e7d4-458b-8ddf-22aa7b62e182	0	5000	0	0	2026-03-29 13:10:28	2026-03-29 13:10:28	SLS-20260329-347	ba5226d8-4b25-4a2b-ac61-ab90c495f8bd	DONE	1000
8d7557f6-88f1-4d41-a82a-bcd70db458f1	\N	7229a30d-bb06-4e01-80d3-4162cabf93d9	2026-03-29 13:24:43	5000	0	6000		a0624492-9ab0-4dbb-8d60-a1eea1c20614	718e3c49-e7d4-458b-8ddf-22aa7b62e182	0	5000	0	0	2026-03-29 13:24:43	2026-03-29 13:24:43	SLS-20260329-372	ba5226d8-4b25-4a2b-ac61-ab90c495f8bd	DONE	1000
e1261c38-f8ce-410d-af9c-22056abd4ec1	\N	7229a30d-bb06-4e01-80d3-4162cabf93d9	2026-03-29 13:51:31	5000	0	6000		a0624492-9ab0-4dbb-8d60-a1eea1c20614	718e3c49-e7d4-458b-8ddf-22aa7b62e182	0	5000	0	0	2026-03-29 13:51:31	2026-03-29 13:51:31	SLS-20260329-682	ba5226d8-4b25-4a2b-ac61-ab90c495f8bd	DONE	1000
53c30d0e-9ce3-4f4f-a750-e903584e892a	\N	7229a30d-bb06-4e01-80d3-4162cabf93d9	2026-03-30 08:24:10	29500	0	40000		a0624492-9ab0-4dbb-8d60-a1eea1c20614	718e3c49-e7d4-458b-8ddf-22aa7b62e182	0	29500	2	0	2026-03-30 08:24:10	2026-03-30 08:24:10	SLS-20260330-610	ba5226d8-4b25-4a2b-ac61-ab90c495f8bd	DONE	10500
4793e1e1-21dd-4977-8743-3c75d5ec6856	\N	7229a30d-bb06-4e01-80d3-4162cabf93d9	2026-04-12 15:28:14	11200	0	12000		a0624492-9ab0-4dbb-8d60-a1eea1c20614	718e3c49-e7d4-458b-8ddf-22aa7b62e182	0	11200	1	0	2026-04-12 15:28:14	2026-04-12 15:28:14	SLS-20260412-524	ba5226d8-4b25-4a2b-ac61-ab90c495f8bd	DONE	800
9ca307a3-561b-4eb1-b18d-e0b154a75bc6	\N	7229a30d-bb06-4e01-80d3-4162cabf93d9	2026-04-12 16:36:33	2000	0	2000		a0624492-9ab0-4dbb-8d60-a1eea1c20614	718e3c49-e7d4-458b-8ddf-22aa7b62e182	0	2000	0	0	2026-04-12 16:36:33	2026-04-12 16:36:33	SLS-20260412-778	ba5226d8-4b25-4a2b-ac61-ab90c495f8bd	DONE	0
e01079b1-3df9-472c-b57f-76f8701042ba	\N	7229a30d-bb06-4e01-80d3-4162cabf93d9	2026-04-12 16:37:55	175000	75000	250000		a0624492-9ab0-4dbb-8d60-a1eea1c20614	718e3c49-e7d4-458b-8ddf-22aa7b62e182	0	175000	17	0	2026-04-12 16:37:55	2026-04-12 16:37:55	SLS-20260412-364	ba5226d8-4b25-4a2b-ac61-ab90c495f8bd	DONE	75000
364ccb59-2eb0-4518-97bf-1e13d918436f	\N	7229a30d-bb06-4e01-80d3-4162cabf93d9	2026-04-12 16:44:03	2000	0	2000		a0624492-9ab0-4dbb-8d60-a1eea1c20614	718e3c49-e7d4-458b-8ddf-22aa7b62e182	0	2000	0	0	2026-04-12 16:44:03	2026-04-12 16:44:03	SLS-20260412-415	ba5226d8-4b25-4a2b-ac61-ab90c495f8bd	DONE	0
887d1874-7fdf-41d9-bdfb-2f754fdfd4ff	\N	7229a30d-bb06-4e01-80d3-4162cabf93d9	2026-04-12 16:45:39	50000	0	50000		a0624492-9ab0-4dbb-8d60-a1eea1c20614	718e3c49-e7d4-458b-8ddf-22aa7b62e182	0	50000	5	0	2026-04-12 16:45:39	2026-04-12 16:45:39	SLS-20260412-014	ba5226d8-4b25-4a2b-ac61-ab90c495f8bd	DONE	0
ef34f32f-0b23-48e6-b662-7fa21cbf00f9	\N	7229a30d-bb06-4e01-80d3-4162cabf93d9	2026-04-12 16:51:22	104500	5500	200000		a0624492-9ab0-4dbb-8d60-a1eea1c20614	718e3c49-e7d4-458b-8ddf-22aa7b62e182	0	104500	10	0	2026-04-12 16:51:22	2026-04-12 16:51:22	SLS-20260412-062	ba5226d8-4b25-4a2b-ac61-ab90c495f8bd	DONE	95500
a0dd19e1-afeb-4326-a984-839af92d7e0a	\N	7229a30d-bb06-4e01-80d3-4162cabf93d9	2026-04-12 16:55:19	114000	6000	200000		a0624492-9ab0-4dbb-8d60-a1eea1c20614	718e3c49-e7d4-458b-8ddf-22aa7b62e182	0	114000	11	0	2026-04-12 16:55:19	2026-04-12 16:55:19	SLS-20260412-516	ba5226d8-4b25-4a2b-ac61-ab90c495f8bd	DONE	86000
d47fe32b-b865-4f30-9a60-d54b5e4e6b7b	\N	7229a30d-bb06-4e01-80d3-4162cabf93d9	2026-04-12 16:59:57	114000	6000	200000		a0624492-9ab0-4dbb-8d60-a1eea1c20614	718e3c49-e7d4-458b-8ddf-22aa7b62e182	0	114000	11	0	2026-04-12 16:59:57	2026-04-12 16:59:57	SLS-20260412-360	ba5226d8-4b25-4a2b-ac61-ab90c495f8bd	DONE	86000
82b83e44-31fa-4b15-9b34-facfa174e64a	\N	7229a30d-bb06-4e01-80d3-4162cabf93d9	2026-04-12 17:04:07	138600	15400	160000		a0624492-9ab0-4dbb-8d60-a1eea1c20614	718e3c49-e7d4-458b-8ddf-22aa7b62e182	0	138600	13	0	2026-04-12 17:04:07	2026-04-12 17:04:07	SLS-20260412-649	ba5226d8-4b25-4a2b-ac61-ab90c495f8bd	DONE	21400
1db8d2a8-5efc-4c06-bbc6-878ffa8b5fe5	\N	7229a30d-bb06-4e01-80d3-4162cabf93d9	2026-04-12 17:09:20	178200	19800	200000		a0624492-9ab0-4dbb-8d60-a1eea1c20614	718e3c49-e7d4-458b-8ddf-22aa7b62e182	0	178200	17	0	2026-04-12 17:09:20	2026-04-12 17:09:20	SLS-20260412-282	ba5226d8-4b25-4a2b-ac61-ab90c495f8bd	DONE	21800
d72ae578-d65b-4774-a0ee-14dff255f5af	\N	7229a30d-bb06-4e01-80d3-4162cabf93d9	2026-04-12 17:11:03	7600	400	9000		a0624492-9ab0-4dbb-8d60-a1eea1c20614	718e3c49-e7d4-458b-8ddf-22aa7b62e182	0	7600	0	0	2026-04-12 17:11:03	2026-04-12 17:11:03	SLS-20260412-285	ba5226d8-4b25-4a2b-ac61-ab90c495f8bd	DONE	1400
03ce70c1-1bae-4891-a510-0599f698793d	\N	7229a30d-bb06-4e01-80d3-4162cabf93d9	2026-04-12 17:14:42	36100	1900	41100		a0624492-9ab0-4dbb-8d60-a1eea1c20614	718e3c49-e7d4-458b-8ddf-22aa7b62e182	0	36100	3	0	2026-04-12 17:14:42	2026-04-12 17:14:42	SLS-20260412-677	ba5226d8-4b25-4a2b-ac61-ab90c495f8bd	DONE	5000
4ce15344-96ea-4314-aca0-661dab097c11	\N	7229a30d-bb06-4e01-80d3-4162cabf93d9	2026-04-12 17:15:28	5500	0	7000		a0624492-9ab0-4dbb-8d60-a1eea1c20614	718e3c49-e7d4-458b-8ddf-22aa7b62e182	0	5500	0	0	2026-04-12 17:15:28	2026-04-12 17:15:28	SLS-20260412-662	ba5226d8-4b25-4a2b-ac61-ab90c495f8bd	DONE	1500
c23fed76-8f2c-4bbb-b786-ddeb7635e4ba	\N	7229a30d-bb06-4e01-80d3-4162cabf93d9	2026-04-12 17:16:21	28500	1500	40000		a0624492-9ab0-4dbb-8d60-a1eea1c20614	718e3c49-e7d4-458b-8ddf-22aa7b62e182	0	28500	2	0	2026-04-12 17:16:21	2026-04-12 17:16:21	SLS-20260412-542	ba5226d8-4b25-4a2b-ac61-ab90c495f8bd	DONE	11500
fd91ff96-1b93-4e39-b8f3-9b5529437ead	\N	7229a30d-bb06-4e01-80d3-4162cabf93d9	2026-04-12 17:17:30	30400	1600	35000		a0624492-9ab0-4dbb-8d60-a1eea1c20614	718e3c49-e7d4-458b-8ddf-22aa7b62e182	0	30400	3	0	2026-04-12 17:17:30	2026-04-12 17:17:30	SLS-20260412-581	ba5226d8-4b25-4a2b-ac61-ab90c495f8bd	DONE	4600
d7dd5b10-1b88-425c-a85c-15265e85bfdd	\N	7229a30d-bb06-4e01-80d3-4162cabf93d9	2026-04-12 18:47:23	64000	11000	72000		a0624492-9ab0-4dbb-8d60-a1eea1c20614	718e3c49-e7d4-458b-8ddf-22aa7b62e182	0	64000	6	0	2026-04-12 18:47:23	2026-04-12 18:47:23	SLS-20260412-722	ba5226d8-4b25-4a2b-ac61-ab90c495f8bd	DONE	8000
8adecc38-f249-4b44-a94b-d46f5463f9cc	\N	7229a30d-bb06-4e01-80d3-4162cabf93d9	2026-04-12 19:02:17	65500	4500	73000		a0624492-9ab0-4dbb-8d60-a1eea1c20614	718e3c49-e7d4-458b-8ddf-22aa7b62e182	0	65500	6	0	2026-04-12 19:02:17	2026-04-12 19:02:17	SLS-20260412-489	ba5226d8-4b25-4a2b-ac61-ab90c495f8bd	DONE	7500
c5c59f1c-181d-4872-af64-012ee3a529e6	\N	7229a30d-bb06-4e01-80d3-4162cabf93d9	2026-04-12 21:42:41	39900	2100	45000		a0624492-9ab0-4dbb-8d60-a1eea1c20614	718e3c49-e7d4-458b-8ddf-22aa7b62e182	0	39900	3	0	2026-04-12 21:42:41	2026-04-12 21:42:41	SLS-20260412-356	ba5226d8-4b25-4a2b-ac61-ab90c495f8bd	DONE	5100
2ce211b9-f71b-4014-8483-886f60d1f442	\N	7229a30d-bb06-4e01-80d3-4162cabf93d9	2026-04-12 22:00:23	38000	2000	50000		a0624492-9ab0-4dbb-8d60-a1eea1c20614	718e3c49-e7d4-458b-8ddf-22aa7b62e182	0	38000	3	0	2026-04-12 22:00:23	2026-04-12 22:00:23	SLS-20260412-159	ba5226d8-4b25-4a2b-ac61-ab90c495f8bd	DONE	12000
cfb27d12-039f-4f31-9815-12de891fb77a	\N	7229a30d-bb06-4e01-80d3-4162cabf93d9	2026-04-12 22:33:44	38000	2000	50000		a0624492-9ab0-4dbb-8d60-a1eea1c20614	718e3c49-e7d4-458b-8ddf-22aa7b62e182	0	38000	3	0	2026-04-12 22:33:44	2026-04-12 22:33:44	SLS-20260412-514	ba5226d8-4b25-4a2b-ac61-ab90c495f8bd	DONE	12000
d12399c1-ceae-4fad-b919-ac44e7c0c668	\N	7229a30d-bb06-4e01-80d3-4162cabf93d9	2026-04-12 23:44:02	19000	1000	20000		a0624492-9ab0-4dbb-8d60-a1eea1c20614	718e3c49-e7d4-458b-8ddf-22aa7b62e182	0	19000	1	0	2026-04-12 23:44:02	2026-04-12 23:44:02	SLS-20260412-331	ba5226d8-4b25-4a2b-ac61-ab90c495f8bd	DONE	1000
944f0d02-d1b9-4704-b514-b46a724dce77	\N	7229a30d-bb06-4e01-80d3-4162cabf93d9	2026-04-13 08:18:21	1800	200	2000		a0624492-9ab0-4dbb-8d60-a1eea1c20614	718e3c49-e7d4-458b-8ddf-22aa7b62e182	0	1800	0	0	2026-04-13 08:18:21	2026-04-13 08:18:21	SLS-20260413-888	ba5226d8-4b25-4a2b-ac61-ab90c495f8bd	DONE	200
253f6328-72fb-4187-8307-2f71b3211e7b	\N	7229a30d-bb06-4e01-80d3-4162cabf93d9	2026-04-13 11:42:51	1800	200	2000		a0624492-9ab0-4dbb-8d60-a1eea1c20614	718e3c49-e7d4-458b-8ddf-22aa7b62e182	0	1800	0	0	2026-04-13 11:42:51	2026-04-13 11:42:51	SLS-20260413-457	ba5226d8-4b25-4a2b-ac61-ab90c495f8bd	DONE	200
5a6a4ef5-1df1-4e07-a648-347d15481269	\N	7229a30d-bb06-4e01-80d3-4162cabf93d9	2026-04-13 11:53:53	1800	200	2000		a0624492-9ab0-4dbb-8d60-a1eea1c20614	718e3c49-e7d4-458b-8ddf-22aa7b62e182	0	1800	0	0	2026-04-13 11:53:53	2026-04-13 11:53:53	SLS-20260413-698	ba5226d8-4b25-4a2b-ac61-ab90c495f8bd	DONE	200
\.

-- Table: purchase_orders (4 rows)
COPY purchase_orders (warehouse_id, status_receive, tax_amount, discount_amount, created_at, receive_number, supplier_id, expected_delivery, payment_terms, note_receive, company_id, receive_date, order_date, status_po, subtotal, notes, created_by, approved_by, updated_at, po_number, total_amount, id) FROM stdin;
ba5226d8-4b25-4a2b-ac61-ab90c495f8bd	receive	0	0	2026-03-29 14:06:13	RN-26-93D9-000002	474a9674-122b-4f92-b6ab-7f9c683b2063	2026-03-29 07:00:00	NET_30	PARTIAL	7229a30d-bb06-4e01-80d3-4162cabf93d9	2026-03-29 07:00:00	2026-03-29 07:00:00	APPROVE	20000		583e3b50-e159-43bf-bd8d-e91b79975a0a	\N	2026-03-29 14:06:23	PO-26-93D9-000002	20000	bbde2bdd-cc81-4268-8b10-5a9958afbb8c
ba5226d8-4b25-4a2b-ac61-ab90c495f8bd	receive	0	0	2026-03-30 07:47:55	RN-26-93D9-000003	57658cd5-f6df-4f22-80bd-a070fc1fa4a8	2026-03-30 07:00:00	NET_30	COMPLETE	7229a30d-bb06-4e01-80d3-4162cabf93d9	2026-03-30 07:00:00	2026-03-30 07:00:00	APPROVE	20000		583e3b50-e159-43bf-bd8d-e91b79975a0a	\N	2026-03-30 07:48:45	PO-26-93D9-000003	20000	fde0bb69-befa-4e75-bb90-1ab3b2b20c7c
ba5226d8-4b25-4a2b-ac61-ab90c495f8bd	receive	0	0	2026-04-15 16:37:55	RN-26-93D9-000004	474a9674-122b-4f92-b6ab-7f9c683b2063	2026-04-15 07:00:00	NET_30	PARTIAL	7229a30d-bb06-4e01-80d3-4162cabf93d9	2026-04-15 07:00:00	2026-04-15 07:00:00	APPROVE	5000		583e3b50-e159-43bf-bd8d-e91b79975a0a	\N	2026-04-15 16:38:12	PO-26-93D9-000004	5000	78c54e1d-273a-48ca-854d-2003fa19607e
ba5226d8-4b25-4a2b-ac61-ab90c495f8bd	receive	0	0	2026-03-17 20:28:32	RN-26-93D9-000001	474a9674-122b-4f92-b6ab-7f9c683b2063	2026-03-17 07:00:00	NET_30	COMPLETE	7229a30d-bb06-4e01-80d3-4162cabf93d9	2026-03-17 07:00:00	2026-03-17 07:00:00	APPROVE	2000		583e3b50-e159-43bf-bd8d-e91b79975a0a	\N	2026-03-17 20:28:51	PO-26-93D9-000001	2000	ef45916c-a542-44b2-95c9-05f7508fd340
\.

-- Table: purchase_returns (1 rows)
COPY purchase_returns (status, reason, id, return_number, total_amount, created_by, approved_by, created_at, updated_at, po_id, supplier_id, warehouse_id, company_id, return_date) FROM stdin;
APPROVED		c280c402-0d82-4396-8e25-c95fddbd3086	PR-26-93d9-000001	2000	583e3b50-e159-43bf-bd8d-e91b79975a0a	00000000-0000-0000-0000-000000000000	2026-03-27 07:40:22	2026-03-27 07:40:22	00000000-0000-0000-0000-000000000000	57658cd5-f6df-4f22-80bd-a070fc1fa4a8	ba5226d8-4b25-4a2b-ac61-ab90c495f8bd	7229a30d-bb06-4e01-80d3-4162cabf93d9	2026-03-27 07:40:22
\.

-- Table: invoices_outgoing (1 rows)
COPY invoices_outgoing (due_date, status, discount_amount, attachment_path, id, customer_id, subtotal, total_amount, paid_amount, created_at, invoice_date, tax_amount, notes, updated_at, invoice_number, company_id, balance_due, created_by) FROM stdin;
2026-03-28 15:28:16	DRAFT	0	\N	4456b3a6-04c4-4a02-9943-7cb4dd7fd0a4	\N	20000	20000	0	2026-03-28 15:28:16	2026-03-28 15:28:16	0	Cash drawer deposit for drawer CD-1774685501693. Amount: 20000.00, Variance: 0.00	2026-03-28 15:28:16	INV-OUT-1774686496931	7229a30d-bb06-4e01-80d3-4162cabf93d9	20000	a0624492-9ab0-4dbb-8d60-a1eea1c20614
\.

-- Table: cash_drawers (2 rows)
COPY cash_drawers (deposit_invoice_id, drawer_number, cashier_id, notes, id, closing_balance, expected_balance, warehouse_id, company_id, status, variance, closed_at, opening_balance, opened_at, created_at, updated_at) FROM stdin;
4456b3a6-04c4-4a02-9943-7cb4dd7fd0a4	CD-1774685501693	a0624492-9ab0-4dbb-8d60-a1eea1c20614		dfa13e46-65f9-4295-9213-9725c71f416e	20000	20000	ba5226d8-4b25-4a2b-ac61-ab90c495f8bd	7229a30d-bb06-4e01-80d3-4162cabf93d9	CLOSED	0	2026-03-28 15:28:16	20000	2026-03-28 15:11:41	2026-03-28 15:11:41	2026-03-28 15:28:16
\N	CD-1774686502530	a0624492-9ab0-4dbb-8d60-a1eea1c20614		718e3c49-e7d4-458b-8ddf-22aa7b62e182	\N	213000	ba5226d8-4b25-4a2b-ac61-ab90c495f8bd	7229a30d-bb06-4e01-80d3-4162cabf93d9	OPEN	\N	\N	10000	2026-03-28 15:28:22	2026-03-28 15:28:22	2026-04-13 11:53:53
\.

-- Table: stock_opnames (6 rows)
COPY stock_opnames (id, opname_number, warehouse_id, user_id, opname_date, status, created_at, updated_at, notes, company_id) FROM stdin;
d7998c76-4bcb-4048-8c0c-7ea09b34f9bd	OP-26-93d9-000001	ba5226d8-4b25-4a2b-ac61-ab90c495f8bd	583e3b50-e159-43bf-bd8d-e91b79975a0a	2026-03-27 07:00:00	approved	2026-03-27 07:49:33	2026-03-27 07:49:38		7229a30d-bb06-4e01-80d3-4162cabf93d9
5e8e8ef5-a9b4-4b7d-9088-51698a14b4bd	OP-26-93d9-000002	ba5226d8-4b25-4a2b-ac61-ab90c495f8bd	583e3b50-e159-43bf-bd8d-e91b79975a0a	2026-03-29 07:00:00	approved	2026-03-29 13:10:00	2026-03-29 13:10:06		7229a30d-bb06-4e01-80d3-4162cabf93d9
e6d29326-741f-4dd3-9597-4c1cc5c8af81	OP-26-93d9-000003	ba5226d8-4b25-4a2b-ac61-ab90c495f8bd	583e3b50-e159-43bf-bd8d-e91b79975a0a	2026-03-30 07:00:00	approved	2026-03-30 07:50:22	2026-03-30 07:50:27		7229a30d-bb06-4e01-80d3-4162cabf93d9
a6fb574c-8f58-4195-b8de-ac09f1c002fc	OP-26-93d9-000004	ba5226d8-4b25-4a2b-ac61-ab90c495f8bd	583e3b50-e159-43bf-bd8d-e91b79975a0a	2026-03-30 07:00:00	approved	2026-03-30 07:52:18	2026-03-30 07:52:28		7229a30d-bb06-4e01-80d3-4162cabf93d9
da34fc14-5ec8-4eb2-bfbc-b6b28f4ba131	OP-26-93d9-000005	ba5226d8-4b25-4a2b-ac61-ab90c495f8bd	583e3b50-e159-43bf-bd8d-e91b79975a0a	2026-03-30 07:00:00	approved	2026-03-30 07:55:43	2026-03-30 07:55:52		7229a30d-bb06-4e01-80d3-4162cabf93d9
3c510cda-13a6-4a79-9466-435f497d41ae	OP-26-93d9-000006	ba5226d8-4b25-4a2b-ac61-ab90c495f8bd	583e3b50-e159-43bf-bd8d-e91b79975a0a	2026-03-30 07:00:00	approved	2026-03-30 08:11:38	2026-03-30 08:11:45		7229a30d-bb06-4e01-80d3-4162cabf93d9
\.

-- Table: sale_items (45 rows)
COPY sale_items (unit_price, original_price, discount_amount, tax_rate, price_tier_id, id, sale_id, product_id, quantity, promotion_id, notes) FROM stdin;
5000	5000	0	0	\N	39d62eb6-8f17-4a2d-a761-e01b228f6c0f	fd2f69ad-69ec-4d87-b9ff-5802ae4c90e5	b7ac25a2-3d8b-479d-83d9-ff8ddefb265c	1	\N	
5000	5000	0	0	\N	4d8c1aab-a0db-423c-89c7-a809bc7228de	e4df619b-6966-400f-9c28-53d1b76a07e9	b7ac25a2-3d8b-479d-83d9-ff8ddefb265c	1	\N	
5000	5000	0	0	\N	929d965b-2f65-46f2-b5c6-44e1893dd030	56661fdc-52d1-40e2-9d19-aa818d91ab2c	b7ac25a2-3d8b-479d-83d9-ff8ddefb265c	1	\N	
5000	5000	0	0	\N	f50dc8a9-cf32-4680-bf73-17eda2b537b9	14c0f652-fd98-4917-8869-cfd9997469fd	b7ac25a2-3d8b-479d-83d9-ff8ddefb265c	1	\N	
5000	5000	0	0	\N	9af4137f-6705-4022-9946-85723a7db306	0a9698d7-6fca-47fb-9492-9745e5d08050	b7ac25a2-3d8b-479d-83d9-ff8ddefb265c	2	\N	
5000	5000	0	0	\N	001929cf-861c-4076-b7bb-3f4c3b2f594e	4b79aac0-35d9-4671-88b1-bf459efec00a	b7ac25a2-3d8b-479d-83d9-ff8ddefb265c	1	\N	
5000	5000	0	0	\N	89513ab8-b047-4ee4-8c7d-8809b034a06e	bf042260-93c1-40b8-b486-3be49511cfab	b7ac25a2-3d8b-479d-83d9-ff8ddefb265c	1	\N	
5000	5000	0	0	\N	d217e31d-b7b4-4dfe-aa6c-b53003158696	f1dca261-feff-4999-b70d-6db150e597b8	b7ac25a2-3d8b-479d-83d9-ff8ddefb265c	1	\N	
5000	5000	0	0	\N	1be51e98-1817-42ce-ba6b-509bac8189f0	951b635e-506e-44e2-ae84-2a07830dfc66	b7ac25a2-3d8b-479d-83d9-ff8ddefb265c	1	\N	
5000	5000	0	0	\N	c6cfaecf-7dc9-4672-b93b-e87bcd8a53b4	a3e69d4a-c814-4927-a6ff-a476618d1fb3	b7ac25a2-3d8b-479d-83d9-ff8ddefb265c	1	\N	
5000	5000	0	0	\N	9b2a8b48-4253-4b40-999e-065b5a2f4578	8d7557f6-88f1-4d41-a82a-bcd70db458f1	b7ac25a2-3d8b-479d-83d9-ff8ddefb265c	1	\N	
5000	5000	0	0	\N	c14c9527-2591-402d-bd0d-a88d1123e802	e1261c38-f8ce-410d-af9c-22056abd4ec1	b7ac25a2-3d8b-479d-83d9-ff8ddefb265c	1	\N	
5000	5000	0	0	\N	46283965-5d19-455e-8b0a-921d9c4e5bab	53c30d0e-9ce3-4f4f-a750-e903584e892a	b7ac25a2-3d8b-479d-83d9-ff8ddefb265c	5	\N	
2000	2000	0	0	\N	7dbbb267-d5ef-4aa8-b1b5-e89f1cacda0c	53c30d0e-9ce3-4f4f-a750-e903584e892a	80315d11-94d9-4d03-bd79-25eade94738d	2	\N	
500	500	0	0	\N	b12047b8-8f8d-4007-b700-7f45f3730177	53c30d0e-9ce3-4f4f-a750-e903584e892a	6d79a8bf-30c9-4730-9727-1e07ab5c93bd	1	\N	
1900	1900	0	0	475d1c91-9c02-4b5d-aef8-740b408d5afd	d0378e86-bded-4985-bc5e-b269e4581d23	4793e1e1-21dd-4977-8743-3c75d5ec6856	80315d11-94d9-4d03-bd79-25eade94738d	3	\N	
500	500	0	0	\N	bb2717e4-6b1a-4690-9f03-48d89325d5e4	4793e1e1-21dd-4977-8743-3c75d5ec6856	6d79a8bf-30c9-4730-9727-1e07ab5c93bd	1	\N	
5000	5000	0	0	\N	97b7107c-c94d-4001-9629-aadc9ce6a1e5	4793e1e1-21dd-4977-8743-3c75d5ec6856	b7ac25a2-3d8b-479d-83d9-ff8ddefb265c	1	\N	
2000	2000	0	0	\N	58d7658a-9e9c-47e8-a01f-493842053b73	9ca307a3-561b-4eb1-b18d-e0b154a75bc6	80315d11-94d9-4d03-bd79-25eade94738d	1	\N	
3500	5000	1500	0	49b295c7-0c19-4008-ab3f-2db996a73a5a	ed027b7e-8cca-4dca-a457-26ebad3e1f81	e01079b1-3df9-472c-b57f-76f8701042ba	b7ac25a2-3d8b-479d-83d9-ff8ddefb265c	50	\N	Grosir 12
2000	2000	0	0	\N	adbd6eb3-24d9-434f-b77d-ff4346ef77da	364ccb59-2eb0-4518-97bf-1e13d918436f	80315d11-94d9-4d03-bd79-25eade94738d	1	\N	
500	500	0	0	\N	54d1f917-310f-4f0f-ac65-accea27bcf08	887d1874-7fdf-41d9-bdfb-2f754fdfd4ff	6d79a8bf-30c9-4730-9727-1e07ab5c93bd	100	\N	
1900	2000	100	0	475d1c91-9c02-4b5d-aef8-740b408d5afd	ce2f61fd-61de-4afe-a63b-c5e32506cb18	ef34f32f-0b23-48e6-b662-7fa21cbf00f9	80315d11-94d9-4d03-bd79-25eade94738d	55	\N	Grosir 3
1900	2000	100	0	475d1c91-9c02-4b5d-aef8-740b408d5afd	b81a5d5d-6766-4424-b243-a743430636c0	a0dd19e1-afeb-4326-a984-839af92d7e0a	80315d11-94d9-4d03-bd79-25eade94738d	60	\N	Grosir 3
1900	2000	100	0	475d1c91-9c02-4b5d-aef8-740b408d5afd	215b83f9-edf0-4660-b9c8-46510f9cd6be	d47fe32b-b865-4f30-9a60-d54b5e4e6b7b	80315d11-94d9-4d03-bd79-25eade94738d	60	\N	Grosir 3
1800	2000	200	0	475d1c91-9c02-4b5d-aef8-740b408d5afd	66c818b4-2d6d-45b8-9e2a-34bd2fec5b46	82b83e44-31fa-4b15-9b34-facfa174e64a	80315d11-94d9-4d03-bd79-25eade94738d	77	5936bddd-a809-41d8-9044-3d91d6a2e6f9	DP00001 - dfsdfsd
1800	2000	200	0	\N	970b26e7-b954-4ce7-99c8-5b8b28363290	1db8d2a8-5efc-4c06-bbc6-878ffa8b5fe5	80315d11-94d9-4d03-bd79-25eade94738d	99	5936bddd-a809-41d8-9044-3d91d6a2e6f9	DP00001 - dfsdfsd
1900	2000	100	0	\N	c8cb732f-ceca-44ed-89f6-2f5d03aee1b1	d72ae578-d65b-4774-a0ee-14dff255f5af	80315d11-94d9-4d03-bd79-25eade94738d	4	\N	Grosir 3
1900	2000	100	0	\N	0caca7c8-26bd-46b1-827c-21ea0aa08139	03ce70c1-1bae-4891-a510-0599f698793d	80315d11-94d9-4d03-bd79-25eade94738d	19	\N	Grosir 3
500	500	0	0	\N	976bb048-6a36-4f3a-9637-58b78a09dc97	4ce15344-96ea-4314-aca0-661dab097c11	6d79a8bf-30c9-4730-9727-1e07ab5c93bd	11	\N	
1900	2000	100	0	\N	96aed465-6a6d-4639-bee8-dd5a5e2081a3	c23fed76-8f2c-4bbb-b786-ddeb7635e4ba	80315d11-94d9-4d03-bd79-25eade94738d	15	\N	Grosir 3
1900	2000	100	0	475d1c91-9c02-4b5d-aef8-740b408d5afd	9fdffdfd-50de-4b4c-8afc-f11e629459d3	fd91ff96-1b93-4e39-b8f3-9b5529437ead	80315d11-94d9-4d03-bd79-25eade94738d	16	\N	Grosir 3
1900	2000	100	0	475d1c91-9c02-4b5d-aef8-740b408d5afd	f3dc03b3-1df2-4d43-b07d-60e23944bdac	d7dd5b10-1b88-425c-a85c-15265e85bfdd	80315d11-94d9-4d03-bd79-25eade94738d	10	\N	Grosir 3
4000	5000	1000	0	41d6823c-72bd-4c45-aa8f-8d42fb6620e3	8d511974-7a7e-4e3a-8248-2aff560562d0	d7dd5b10-1b88-425c-a85c-15265e85bfdd	b7ac25a2-3d8b-479d-83d9-ff8ddefb265c	10	\N	Grosir 6
500	500	0	0	\N	070f2217-5d74-40d4-8b34-228bfc42f531	d7dd5b10-1b88-425c-a85c-15265e85bfdd	6d79a8bf-30c9-4730-9727-1e07ab5c93bd	10	\N	
1900	2000	100	0	475d1c91-9c02-4b5d-aef8-740b408d5afd	74f1565d-0999-448c-905b-ddddea2df3ee	8adecc38-f249-4b44-a94b-d46f5463f9cc	80315d11-94d9-4d03-bd79-25eade94738d	20	\N	Grosir 3
500	500	0	0	\N	0f19a67c-0c52-4cf3-bf0d-c4f90f0c45b7	8adecc38-f249-4b44-a94b-d46f5463f9cc	6d79a8bf-30c9-4730-9727-1e07ab5c93bd	10	\N	
4500	5000	500	0	5e815082-e020-4ffe-a72e-2dd2c3abdea8	e647c9b4-ecc1-4fa3-9dd6-fc1d2be3d6d7	8adecc38-f249-4b44-a94b-d46f5463f9cc	b7ac25a2-3d8b-479d-83d9-ff8ddefb265c	5	\N	Grosir 3
1900	2000	100	0	475d1c91-9c02-4b5d-aef8-740b408d5afd	18371668-a5fb-4190-b8b6-6d61ba3334e9	c5c59f1c-181d-4872-af64-012ee3a529e6	80315d11-94d9-4d03-bd79-25eade94738d	21	\N	Grosir 3
1900	2000	100	0	475d1c91-9c02-4b5d-aef8-740b408d5afd	9afdefd5-61d6-44c6-8a67-6d19f5500235	2ce211b9-f71b-4014-8483-886f60d1f442	80315d11-94d9-4d03-bd79-25eade94738d	20	\N	Grosir 3
1900	2000	100	0	475d1c91-9c02-4b5d-aef8-740b408d5afd	6d6982f8-abc0-4c31-8999-f37647c7969e	cfb27d12-039f-4f31-9815-12de891fb77a	80315d11-94d9-4d03-bd79-25eade94738d	20	\N	Grosir 3
1900	2000	100	0	475d1c91-9c02-4b5d-aef8-740b408d5afd	84a5220d-64dc-41b1-98be-b8ff5cfb4332	d12399c1-ceae-4fad-b919-ac44e7c0c668	80315d11-94d9-4d03-bd79-25eade94738d	10	\N	Grosir 3
1800	2000	200	0	\N	035244ca-3a9c-4e5c-bf31-8291c211d10e	944f0d02-d1b9-4704-b514-b46a724dce77	80315d11-94d9-4d03-bd79-25eade94738d	1	5936bddd-a809-41d8-9044-3d91d6a2e6f9	DP00001 - dfsdfsd
1800	2000	200	0	\N	ef5e75fc-0837-4c12-971a-fc0fd31236d2	253f6328-72fb-4187-8307-2f71b3211e7b	80315d11-94d9-4d03-bd79-25eade94738d	1	5936bddd-a809-41d8-9044-3d91d6a2e6f9	DP00001 - dfsdfsd
1800	2000	200	0	\N	2028df40-f18d-44a1-b255-87b31b38683a	5a6a4ef5-1df1-4e07-a648-347d15481269	80315d11-94d9-4d03-bd79-25eade94738d	1	5936bddd-a809-41d8-9044-3d91d6a2e6f9	DP00001 - dfsdfsd
\.

-- Table: sale_payments (37 rows)
COPY sale_payments (created_at, id, sale_id, payment_method, amount, reference_number, card_last_4, notes) FROM stdin;
2026-03-28 16:17:03	3f6058ab-d63f-4de4-ba5e-44a66572adb4	fd2f69ad-69ec-4d87-b9ff-5802ae4c90e5	CASH	6000			
2026-03-28 16:40:49	75d64f7c-834a-46a8-a3c4-c547b32dee81	e4df619b-6966-400f-9c28-53d1b76a07e9	CASH	6000			
2026-03-28 16:41:47	9a164963-d17f-4a94-820f-414eee035f69	56661fdc-52d1-40e2-9d19-aa818d91ab2c	CASH	6000			
2026-03-28 16:44:42	1c1f712b-5374-4d1f-bd84-2373ccef4576	14c0f652-fd98-4917-8869-cfd9997469fd	CASH	6000			
2026-03-29 10:18:01	8733d23b-ba89-446b-a539-de40037e5945	0a9698d7-6fca-47fb-9492-9745e5d08050	CASH	50000			
2026-03-29 12:48:09	43be0d6b-dfd8-48f1-ac24-26c6d45b9fb9	4b79aac0-35d9-4671-88b1-bf459efec00a	CASH	6000			
2026-03-29 12:48:33	245161df-3a64-44b4-9a45-57d8dd49dc7f	bf042260-93c1-40b8-b486-3be49511cfab	CASH	7000			
2026-03-29 12:50:36	4c5d38f2-00e0-4921-9e73-d6adc7e5604c	f1dca261-feff-4999-b70d-6db150e597b8	CASH	7000			
2026-03-29 12:51:06	6ea9bab6-7916-466b-b50e-a0909b16704c	951b635e-506e-44e2-ae84-2a07830dfc66	CASH	8000			
2026-03-29 13:10:28	a50517ad-124b-4b9b-a877-12ce133d1751	a3e69d4a-c814-4927-a6ff-a476618d1fb3	CASH	6000			
2026-03-29 13:24:43	232752b3-3a3d-4cf0-a7fd-5e767ff763f2	8d7557f6-88f1-4d41-a82a-bcd70db458f1	CASH	6000			
2026-03-29 13:51:31	3dd887d9-c8f9-4f83-a52f-443a2c769979	e1261c38-f8ce-410d-af9c-22056abd4ec1	CASH	6000			
2026-03-30 08:24:10	be7e7780-7582-4c78-be21-b677d8749362	53c30d0e-9ce3-4f4f-a750-e903584e892a	CASH	40000			
2026-04-12 15:28:14	22904cca-0aa6-4c95-ab24-2d4f44ee809a	4793e1e1-21dd-4977-8743-3c75d5ec6856	CASH	12000			
2026-04-12 16:36:33	7b4c9ea2-b348-41c1-9c5d-0c3fa30ab6d4	9ca307a3-561b-4eb1-b18d-e0b154a75bc6	CASH	2000			
2026-04-12 16:37:55	43091547-c359-4501-9f42-4efa3df98997	e01079b1-3df9-472c-b57f-76f8701042ba	CASH	250000			
2026-04-12 16:44:03	d6539152-2be1-4c00-add0-9c831d2ebaed	364ccb59-2eb0-4518-97bf-1e13d918436f	CASH	2000			
2026-04-12 16:45:39	57adaa0c-6371-4e3b-8318-c093481d91a2	887d1874-7fdf-41d9-bdfb-2f754fdfd4ff	CASH	50000			
2026-04-12 16:51:22	f9eb2c75-247d-4058-949c-c9f3d85643c6	ef34f32f-0b23-48e6-b662-7fa21cbf00f9	CASH	200000			
2026-04-12 16:55:19	9bec7c8a-4df4-464e-aee4-bbe1f0ece6d0	a0dd19e1-afeb-4326-a984-839af92d7e0a	CASH	200000			
2026-04-12 16:59:57	d3c1db52-0abc-49a6-a315-6d8f06cd2a2e	d47fe32b-b865-4f30-9a60-d54b5e4e6b7b	CASH	200000			
2026-04-12 17:04:07	53c41818-ecba-40ec-9c83-58611ad15075	82b83e44-31fa-4b15-9b34-facfa174e64a	CASH	160000			
2026-04-12 17:09:20	9ef18127-605a-4d02-a945-3b4158e6f326	1db8d2a8-5efc-4c06-bbc6-878ffa8b5fe5	CASH	200000			
2026-04-12 17:11:03	13cbc921-e27e-4b61-9a15-ab44fc27cda1	d72ae578-d65b-4774-a0ee-14dff255f5af	CASH	9000			
2026-04-12 17:14:42	7ac65f26-eba4-40ac-a525-47becf5f8a54	03ce70c1-1bae-4891-a510-0599f698793d	CASH	41100			
2026-04-12 17:15:28	b9204a0e-428d-41c8-ae28-3130aed4137e	4ce15344-96ea-4314-aca0-661dab097c11	CASH	7000			
2026-04-12 17:16:21	0ee5f4a8-e33c-4de9-a250-477b8056d7e1	c23fed76-8f2c-4bbb-b786-ddeb7635e4ba	CASH	40000			
2026-04-12 17:17:30	955dafa3-a21b-4d56-a154-b7317b305934	fd91ff96-1b93-4e39-b8f3-9b5529437ead	CASH	35000			
2026-04-12 18:47:23	c623f58d-4c8b-429f-aa01-606235a6e7b0	d7dd5b10-1b88-425c-a85c-15265e85bfdd	CASH	72000			
2026-04-12 19:02:17	43af09a3-6361-477b-908f-2111bc4a47da	8adecc38-f249-4b44-a94b-d46f5463f9cc	CASH	73000			
2026-04-12 21:42:41	966e0125-eaf2-4cf0-849a-368bdc8f6c84	c5c59f1c-181d-4872-af64-012ee3a529e6	CASH	45000			
2026-04-12 22:00:23	ab18edb5-0665-4324-9c1e-f25714653214	2ce211b9-f71b-4014-8483-886f60d1f442	CASH	50000			
2026-04-12 22:33:44	e9881d78-f786-4ad7-8804-7dade07dcec4	cfb27d12-039f-4f31-9815-12de891fb77a	CASH	50000			
2026-04-12 23:44:02	ef290202-b753-4366-a25c-798c512c2ef7	d12399c1-ceae-4fad-b919-ac44e7c0c668	CASH	20000			
2026-04-13 08:18:21	7ad7eefa-d203-420d-adf9-94471ac968c0	944f0d02-d1b9-4704-b514-b46a724dce77	CASH	2000			
2026-04-13 11:42:51	8a2502a3-7143-4e07-8d4a-8362601b2456	253f6328-72fb-4187-8307-2f71b3211e7b	CASH	2000			
2026-04-13 11:53:53	b123a1e9-7a76-4959-b131-b5d4d7765e3e	5a6a4ef5-1df1-4e07-a648-347d15481269	CASH	2000			
\.

-- Table: purchase_order_items (8 rows)
COPY purchase_order_items (tax_rate, discount_rate, id, po_id, product_id, qty_po, qty_receive, unit_price) FROM stdin;
0	0	420b8973-8ef9-4513-bcdb-27e5d2ebdc02	ef45916c-a542-44b2-95c9-05f7508fd340	b7ac25a2-3d8b-479d-83d9-ff8ddefb265c	1	1	2000
0	0	3984840a-5c7e-4db9-9d00-838b87ad9e3c	a66644fa-9734-4294-ad09-dac618dc6bf9	20afbb46-9d89-4087-adb2-f874552b7479	1	1	2000
0	0	d8109b67-7e63-4912-a2ec-8410c559f270	23b83e99-bbc2-467a-af9b-85c7f95b830c	20afbb46-9d89-4087-adb2-f874552b7479	1	1	2000
0	0	4bf1b3af-7996-4c59-9a84-815a075017ed	8e897c4a-d613-49e2-96a2-842cb69c18c5	20afbb46-9d89-4087-adb2-f874552b7479	1	1	2000
0	0	e3fa8d30-90ee-40ab-9f10-758e11d1dfc3	bbde2bdd-cc81-4268-8b10-5a9958afbb8c	6d79a8bf-30c9-4730-9727-1e07ab5c93bd	100	0	200
0	0	b03ded21-04b9-4437-9744-eb23b5859b90	fde0bb69-befa-4e75-bb90-1ab3b2b20c7c	6d79a8bf-30c9-4730-9727-1e07ab5c93bd	100	100	200
0	0	526b192a-b6ee-40c9-8401-c60239d5aeaa	3dd1a94e-2ee0-496f-bf4f-038bb8d39772	20afbb46-9d89-4087-adb2-f874552b7479	20	0	1500
0	0	e70b730a-3885-4cc8-af57-1a9afc6cc81b	78c54e1d-273a-48ca-854d-2003fa19607e	80315d11-94d9-4d03-bd79-25eade94738d	5	0	1000
\.

-- Table: purchase_return_items (12 rows)
COPY purchase_return_items (return_id, po_item_id, notes, id, product_id, quantity, unit_price, amount, discount, tax_rate) FROM stdin;
1928d830-324e-40d0-90d2-28d168d7b66f	00000000-0000-0000-0000-000000000000		e52835b0-ff24-4e2b-8da2-e2ca53259f27	20afbb46-9d89-4087-adb2-f874552b7479	2	2000	4000	0	0
1e827e52-fd70-44e1-994b-09c6c0f6f235	00000000-0000-0000-0000-000000000000		c45ebbac-2ed0-40a1-b845-54db4f9a3aef	20afbb46-9d89-4087-adb2-f874552b7479	1	2000	2000	0	0
7ca3a40d-056e-4b92-8426-9a4e5ac79d6d	00000000-0000-0000-0000-000000000000		bbe572c8-08ba-440b-bd20-e644f405a6e3	20afbb46-9d89-4087-adb2-f874552b7479	1	2000	2000	0	0
57460918-c311-41b2-9592-d636eb4e41dd	00000000-0000-0000-0000-000000000000		5d5efc60-6a20-43fc-8741-36f11fef31b4	20afbb46-9d89-4087-adb2-f874552b7479	1	2000	2000	0	0
32200a9d-642b-4d24-86b3-4425aebb07f8	00000000-0000-0000-0000-000000000000		f7c888a6-40c9-4a71-a0bc-ee080f579bf4	20afbb46-9d89-4087-adb2-f874552b7479	1	2000	2000	0	0
3e377261-afc7-41db-931e-e19586618b2e	00000000-0000-0000-0000-000000000000		b4436858-3198-4609-9c8a-21dd962e5f39	20afbb46-9d89-4087-adb2-f874552b7479	1	2000	2000	0	0
b089db6e-918c-4b41-a915-b2b70c0d528f	00000000-0000-0000-0000-000000000000		83fdc1fa-e25f-4ae4-b109-f746b2efd516	20afbb46-9d89-4087-adb2-f874552b7479	1	100	100	0	0
ca735863-1f75-4312-8555-8e05fc1a3249	00000000-0000-0000-0000-000000000000		8e40512b-cbdf-4043-badf-3aaef32f9ac3	20afbb46-9d89-4087-adb2-f874552b7479	1	100	100	0	0
1bcf88d2-aa2f-4b92-a8af-f96204be7335	00000000-0000-0000-0000-000000000000		b6541898-e4fd-4023-ba42-b5bec0e2171d	20afbb46-9d89-4087-adb2-f874552b7479	1	100	100	0	0
8c017509-e77e-4508-aef0-825a5f5913e5	00000000-0000-0000-0000-000000000000		896d041c-f665-4e7c-97b5-feefdf77ccb7	20afbb46-9d89-4087-adb2-f874552b7479	1	100	100	0	0
11204a47-3e0e-4b79-8b9e-9246163913fd	00000000-0000-0000-0000-000000000000		6dee9d1a-41cc-432a-b3b7-c10c763d4323	20afbb46-9d89-4087-adb2-f874552b7479	1	100	100	0	0
c280c402-0d82-4396-8e25-c95fddbd3086	00000000-0000-0000-0000-000000000000		f353ac37-8c8e-4119-9c9e-48c5a2fbb0a2	b7ac25a2-3d8b-479d-83d9-ff8ddefb265c	1	2000	2000	0	0
\.

-- Table: invoice_items (1 rows)
COPY invoice_items (discount_amount, line_total, invoice_type, discount_rate, tax_rate, tax_amount, created_at, updated_at, id, invoice_id, product_id, description, quantity, unit_price) FROM stdin;
0	20000	OUTGOING	0	0	0	2026-03-28 15:28:16	2026-03-28 15:28:16	f4139670-52a4-473e-8f2f-314ddc3b0afc	4456b3a6-04c4-4a02-9943-7cb4dd7fd0a4	\N	Cash Drawer Deposit	1	20000
\.

-- Table: cash_drawer_transactions (7 rows)
COPY cash_drawer_transactions (payment_method, created_at, created_by, id, balance_after, reason, cash_drawer_id, type, amount, sale_id) FROM stdin;
\N	2026-03-28 15:11:41	a0624492-9ab0-4dbb-8d60-a1eea1c20614	927aadca-0151-4758-a8c1-2cd34f559445	20000	test 123	dfa13e46-65f9-4295-9213-9725c71f416e	OPENING	20000	\N
\N	2026-03-28 15:28:16	a0624492-9ab0-4dbb-8d60-a1eea1c20614	ae72d411-ddb9-4a4c-80a6-71274a26cebb	20000	Closing cash drawer	dfa13e46-65f9-4295-9213-9725c71f416e	CLOSING	20000	\N
\N	2026-03-28 15:28:22	a0624492-9ab0-4dbb-8d60-a1eea1c20614	fd37e628-a53d-4474-8d01-f8a1e4935381	10000	Opening cash drawer	718e3c49-e7d4-458b-8ddf-22aa7b62e182	OPENING	10000	\N
\N	2026-03-28 15:38:50	a0624492-9ab0-4dbb-8d60-a1eea1c20614	0bda2e03-f4a8-4b7a-b44a-1a57344db28c	210000	llll	718e3c49-e7d4-458b-8ddf-22aa7b62e182	CASH_IN	200000	\N
\N	2026-03-29 10:11:52	a0624492-9ab0-4dbb-8d60-a1eea1c20614	ed5abc6f-ba58-44be-8d9a-eba9b456bc87	215000	testt	718e3c49-e7d4-458b-8ddf-22aa7b62e182	CASH_IN	5000	\N
\N	2026-03-29 10:12:02	a0624492-9ab0-4dbb-8d60-a1eea1c20614	15fcb20a-b1b6-46ff-9be6-cdef4a48ca1e	211000	sss	718e3c49-e7d4-458b-8ddf-22aa7b62e182	CASH_OUT	4000	\N
\N	2026-04-13 11:53:53	a0624492-9ab0-4dbb-8d60-a1eea1c20614	5e642d7a-6a21-4e8b-9f29-ca40860b021f	213000	Penjualan #SLS-20260413-698	718e3c49-e7d4-458b-8ddf-22aa7b62e182	SALE_IN	2000	5a6a4ef5-1df1-4e07-a648-347d15481269
\.

-- Table: stock_opname_items (7 rows)
COPY stock_opname_items (notes, status, id, opname_id, product_id, system_quantity, actual_quantity, difference) FROM stdin;
mismatch	done	f4e67510-6018-4e39-b010-ba2adb808eef	e6d29326-741f-4dd3-9597-4c1cc5c8af81	6d79a8bf-30c9-4730-9727-1e07ab5c93bd	100	200	100
mismatch	done	3ef21266-145b-4607-abab-4241c0fce020	a6fb574c-8f58-4195-b8de-ac09f1c002fc	80315d11-94d9-4d03-bd79-25eade94738d	0	100	100
lost	done	2c3cb420-717e-4688-bafb-50c5d868a331	da34fc14-5ec8-4eb2-bfbc-b6b28f4ba131	80315d11-94d9-4d03-bd79-25eade94738d	0	10	10
mismatch	done	bcdacd56-f01e-4fcb-aa10-d22266d31134	3c510cda-13a6-4a79-9466-435f497d41ae	80315d11-94d9-4d03-bd79-25eade94738d	0	1000	1000
mismatch	done	a99d8f68-cdc1-4312-a10f-cb51d306f239	d7998c76-4bcb-4048-8c0c-7ea09b34f9bd	b7ac25a2-3d8b-479d-83d9-ff8ddefb265c	0	10	10
mismatch	done	52444273-119a-4156-a327-0b43c955a490	5e8e8ef5-a9b4-4b7d-9088-51698a14b4bd	6d79a8bf-30c9-4730-9727-1e07ab5c93bd	0	100	100
mismatch	done	fe22b8b3-ab97-4ab1-8886-7d0ca13fafcf	5e8e8ef5-a9b4-4b7d-9088-51698a14b4bd	b7ac25a2-3d8b-479d-83d9-ff8ddefb265c	0	100	100
\.

-- Table: promotions (1 rows)
COPY promotions (id, scope, discount_value, is_active, usage_count, promotion_type, start_date, start_time, code, name, max_discount_amount, buy_quantity, end_date, usage_limit, created_at, description, min_purchase_amount, get_quantity, end_time) FROM stdin;
5936bddd-a809-41d8-9044-3d91d6a2e6f9	ALL	10	true	0	PERCENTAGE	2026-04-01 07:00:00	\N	DP00001	dfsdfsd	\N	1	2026-04-01 07:00:00	\N	2026-04-12 13:30:20	testtt	0	1	\N
\.

-- Table: price_tiers (7 rows)
COPY price_tiers (id, product_id, tier_name, min_quantity, max_quantity, unit_price, is_active, created_at) FROM stdin;
fc6db036-972b-4660-b6fe-569ac8bf6ce7	20afbb46-9d89-4087-adb2-f874552b7479	Grosir 2	3	\N	1900	true	2026-04-09 17:27:13
020f8d94-8427-40dd-9f9f-9b8c7098146d	20afbb46-9d89-4087-adb2-f874552b7479	Grosir 1	6	\N	1700	true	2026-04-09 17:27:13
fc242980-a53c-4e6b-a5f5-f1b00e48eaba	20afbb46-9d89-4087-adb2-f874552b7479	Grosir 3	12	\N	1600	true	2026-04-09 17:27:13
5e815082-e020-4ffe-a72e-2dd2c3abdea8	b7ac25a2-3d8b-479d-83d9-ff8ddefb265c	Grosir 1	3	\N	4500	true	2026-04-11 08:15:37
41d6823c-72bd-4c45-aa8f-8d42fb6620e3	b7ac25a2-3d8b-479d-83d9-ff8ddefb265c	Grosir 2	6	\N	4000	true	2026-04-11 08:15:37
49b295c7-0c19-4008-ab3f-2db996a73a5a	b7ac25a2-3d8b-479d-83d9-ff8ddefb265c	Grosir 3	12	\N	3500	true	2026-04-11 08:15:37
fb8f25be-4455-4d8f-968e-168a0d73120b	80315d11-94d9-4d03-bd79-25eade94738d	Grosir 1	3	\N	1900	true	2026-04-13 08:04:49
\.

-- Table: products (3 rows)
COPY products (cost_price, created_at, barcode, name, description, is_trackable, company_id, updated_at, is_active, id, unit_id, status, tax_rate, reorder_point, sku, category_id, retail_price) FROM stdin;
3000	2026-03-17 09:48:30	100	Nasi Gurame	nasi gurame enak	false	7229a30d-bb06-4e01-80d3-4162cabf93d9	2026-04-11 08:15:37	true	b7ac25a2-3d8b-479d-83d9-ff8ddefb265c	d0ee1f31-abfc-41ac-848d-d501024f55f6	active	0	0	200	88c17a83-e2e4-40c1-8487-aaf4dec60c99	5000
1000	2026-03-30 07:51:35	101	Nasi Padang		false	7229a30d-bb06-4e01-80d3-4162cabf93d9	2026-04-13 08:04:49	true	80315d11-94d9-4d03-bd79-25eade94738d	d0ee1f31-abfc-41ac-848d-d501024f55f6	active	0	0	201	88c17a83-e2e4-40c1-8487-aaf4dec60c99	2000
200	2026-02-20 16:19:35	102	nasi pecel	Nasi Pecel Enak	false	7229a30d-bb06-4e01-80d3-4162cabf93d9	2026-04-01 14:52:17	true	6d79a8bf-30c9-4730-9727-1e07ab5c93bd	d0ee1f31-abfc-41ac-848d-d501024f55f6	active	0	0	202	88c17a83-e2e4-40c1-8487-aaf4dec60c99	500
\.

-- Table: categories (3 rows)
COPY categories (code, name, description, parent_id, company_id, is_active, created_at, id) FROM stdin;
mnm	Minuman	daftar minuman	\N	7229a30d-bb06-4e01-80d3-4162cabf93d9	true	2026-04-11 14:43:19	f9aa5d58-5aef-4f8b-a279-a463a422b38b
nf	Nonfood	barang nonfood	\N	7229a30d-bb06-4e01-80d3-4162cabf93d9	true	2026-04-11 14:43:19	98a0ffbb-2c60-4b3b-b61f-8516dd57e73d
mkn	makanan	nasi	\N	7229a30d-bb06-4e01-80d3-4162cabf93d9	true	2026-03-10 20:39:34	88c17a83-e2e4-40c1-8487-aaf4dec60c99
\.

-- Table: units_of_measure (4 rows)
COPY units_of_measure (id, code, name, description, is_active, created_at, company_id) FROM stdin;
2cf54205-b490-42d7-ad99-2311482e9b07	kg	KiloGram	berat	true	2026-02-20 16:20:08	7229a30d-bb06-4e01-80d3-4162cabf93d9
d0ee1f31-abfc-41ac-848d-d501024f55f6	pcs	PCS	unit	true	2026-02-24 10:59:45	7229a30d-bb06-4e01-80d3-4162cabf93d9
6beb083e-f892-4b69-b7b0-dc6be61ab65b	pc	Piece	satuan product	true	2026-03-10 12:13:39	\N
937e180b-a935-46eb-98c5-fabe06107db3	sad	sadsa	sadsad	true	2026-03-10 12:18:45	\N
\.

