-- PostgreSQL Backup
-- Company: comp-2026023i (ID: 7229a30d-bb06-4e01-80d3-4162cabf93d9)
-- Backup Date: 2026-04-27 11:00:00
-- Generated by POS Retail System

SET statement_timeout = 0;
SET lock_timeout = 0;
SET client_min_messages = warning;
SET default_transaction_read_only = off;
SET client_encoding = 'UTF8';

-- Table: users (2 rows)
COPY users (role, status, company_id, created_at, username, updated_at, last_login, is_active, phone, id, email, password, full_name) FROM stdin;
cashier	active	7229a30d-bb06-4e01-80d3-4162cabf93d9	2026-03-27 08:50:12	kasir1	2026-04-27 10:04:26	2026-04-27 10:04:26	true	088888	a0624492-9ab0-4dbb-8d60-a1eea1c20614	dsf@gmail.com	$2a$10$btSKL6A8iYKJo8Jqs4dJHO7t9C8Chfitzlee5IoyUjm4TL7yVpUra	Kasir 1
admin	active	7229a30d-bb06-4e01-80d3-4162cabf93d9	2026-02-18 11:11:38	budifikri	2026-04-26 12:48:24	2026-04-26 12:48:24	true	\N	583e3b50-e159-43bf-bd8d-e91b79975a0a	fikriawan2007@gmail.com	$2a$10$UD7QtFmZCeHecha5FOfkRuEucEa.jJM73rpg7OBA6XqcSLWsQA2FW	Mochammad Budi FIkriawan
\.

-- Table: warehouses (2 rows)
COPY warehouses (status, address, phone, manager_id, company_id, id, city, created_at, updated_at, is_active, code, name, type) FROM stdin;
active	123 Test Street, Test City	+1234567890	\N	7229a30d-bb06-4e01-80d3-4162cabf93d9	ba5226d8-4b25-4a2b-ac61-ab90c495f8bd	Test City	2026-02-19 17:33:22	2026-03-03 20:16:10	true	TK	TOKO123	MAIN
inactive	456 Transfer Street	+1234567890	\N	7229a30d-bb06-4e01-80d3-4162cabf93d9	7faf63da-41f0-465e-ad68-48d40b6a135f	Transfer City	2026-03-05 14:20:37	2026-03-10 20:48:20	false	WH2-20260305T07203	Second Warehouse 20260305T07203	BRANCH
\.

-- Table: customers (1 rows)
COPY customers (created_at, updated_at, id, customer_code, address, is_active, tier, loyalty_points, credit_limit, bank_account_name, email, credit_balance, total_purchases, lastPurchaseDate, company_id, bank_name, name, phone, city, status, bank_account_number, bank_branch) FROM stdin;
2026-04-23 07:42:53	2026-04-23 07:43:12	b129a403-17d5-491c-95e0-2b8165f3d237	CUST-20260423T00425	ewrew	true	BRONZE	0	0		were	0	0	\N	7229a30d-bb06-4e01-80d3-4162cabf93d9		were	ewr	ewr	active		
\.

-- Table: suppliers (3 rows)
COPY suppliers (code, credit_limit, company_id, created_at, is_active, notes, name, email, phone, city, tax_id, status, contact_person, payment_terms, id, address, updated_at) FROM stdin;
SUP-1772521584647	10000	7229a30d-bb06-4e01-80d3-4162cabf93d9	2026-03-03 14:06:24	true	Test supplier created via API	Test Supplier 20260303T07062	supplier_20260303T07062@example.com	+1234567890	Supplier City	TAX-20260303T07062	active	John Doe	NET_30	474a9674-122b-4f92-b6ab-7f9c683b2063	123 Supplier Street	2026-03-03 14:06:24
SUP-1772523799582	10000	7229a30d-bb06-4e01-80d3-4162cabf93d9	2026-03-03 14:43:19	false	Test supplier created via API	Test Supplier 20260303T07431	supplier_20260303T07431@example.com	+1234567890	Supplier City	TAX-20260303T07431	inactive	John Doe	NET_30	53412491-3ae7-48f9-ada7-3a68d65bf5f0	123 Supplier Street	2026-03-03 20:07:58
SUP-1771574599094	0	7229a30d-bb06-4e01-80d3-4162cabf93d9	2026-02-20 15:03:19	true	\N	testt	fdf@gfg	fdf	sddfdsf	dsf	active	dfd	NET_30	57658cd5-f6df-4f22-80bd-a070fc1fa4a8	dfgdfg	2026-03-03 20:10:25
\.

-- Table: sales (6 rows)
COPY sales (sale_number, cashier_id, cash_drawer_id, paid_amount, customer_id, status, tax_amount, total_amount, loyalty_points_earned, loyalty_points_redeemed, created_at, id, warehouse_id, company_id, subtotal, discount_amount, change_amount, updated_at, sale_date, notes) FROM stdin;
SLS-20260424-887	a0624492-9ab0-4dbb-8d60-a1eea1c20614	6b9a66f9-1479-4e46-a495-8ad9184d6afa	40000	\N	DONE	0	36000	3	0	2026-04-24 07:07:03	30168143-ab1b-49ae-8415-9202850c4c3c	ba5226d8-4b25-4a2b-ac61-ab90c495f8bd	7229a30d-bb06-4e01-80d3-4162cabf93d9	36000	4000	4000	2026-04-24 07:07:03	2026-04-24 07:07:03	
SLS-20260425-199	a0624492-9ab0-4dbb-8d60-a1eea1c20614	6b9a66f9-1479-4e46-a495-8ad9184d6afa	2000	\N	DONE	0	1800	0	0	2026-04-25 11:35:47	a5faf962-24ef-4b9d-9b58-72a96dfb085b	ba5226d8-4b25-4a2b-ac61-ab90c495f8bd	7229a30d-bb06-4e01-80d3-4162cabf93d9	1800	200	200	2026-04-25 11:35:47	2026-04-25 11:35:47	
SLS-20260425-306	a0624492-9ab0-4dbb-8d60-a1eea1c20614	6b9a66f9-1479-4e46-a495-8ad9184d6afa	2000	\N	DONE	0	1800	0	0	2026-04-25 11:36:25	9ed0899e-d9d5-4914-a0dc-692b1a44aaa6	ba5226d8-4b25-4a2b-ac61-ab90c495f8bd	7229a30d-bb06-4e01-80d3-4162cabf93d9	1800	200	200	2026-04-25 11:36:25	2026-04-25 11:36:25	
SLS-20260426-974	a0624492-9ab0-4dbb-8d60-a1eea1c20614	6b9a66f9-1479-4e46-a495-8ad9184d6afa	2000	\N	DONE	0	1800	0	0	2026-04-26 11:36:03	cbcca085-2d1b-4fe1-bba9-3d335f447276	ba5226d8-4b25-4a2b-ac61-ab90c495f8bd	7229a30d-bb06-4e01-80d3-4162cabf93d9	1800	200	200	2026-04-26 11:36:03	2026-04-26 11:36:03	
SLS-20260427-765	a0624492-9ab0-4dbb-8d60-a1eea1c20614	6b9a66f9-1479-4e46-a495-8ad9184d6afa	90000	\N	DONE	0	81000	8	0	2026-04-27 06:40:21	aa9738cd-56ce-4a80-8bac-213c1eb8a1ae	ba5226d8-4b25-4a2b-ac61-ab90c495f8bd	7229a30d-bb06-4e01-80d3-4162cabf93d9	81000	9000	9000	2026-04-27 06:40:21	2026-04-27 06:40:21	
SLS-20260427-884	a0624492-9ab0-4dbb-8d60-a1eea1c20614	6b9a66f9-1479-4e46-a495-8ad9184d6afa	2000	\N	DONE	0	1800	0	0	2026-04-27 09:23:07	2364588b-c297-467c-ae63-5dc2e3137987	ba5226d8-4b25-4a2b-ac61-ab90c495f8bd	7229a30d-bb06-4e01-80d3-4162cabf93d9	1800	200	200	2026-04-27 09:23:07	2026-04-27 09:23:07	
\.

-- Table: purchase_orders (3 rows)
COPY purchase_orders (po_number, order_date, total_amount, notes, receive_date, payment_terms, subtotal, tax_amount, created_at, updated_at, id, supplier_id, warehouse_id, expected_delivery, status_po, approved_by, status_receive, note_receive, discount_amount, company_id, created_by, receive_number) FROM stdin;
PO-26-93D9-000001	2026-04-24 06:57:23	420000		2026-04-24 07:00:00	NET_30	420000	0	2026-04-24 06:57:23	2026-04-24 06:58:15	2c2d6f41-802b-432a-8221-314226074ea9	474a9674-122b-4f92-b6ab-7f9c683b2063	ba5226d8-4b25-4a2b-ac61-ab90c495f8bd	2026-04-24 06:57:23	APPROVE	\N	receive	COMPLETE	0	7229a30d-bb06-4e01-80d3-4162cabf93d9	583e3b50-e159-43bf-bd8d-e91b79975a0a	\N
PO-26-93D9-000002	2026-04-24 07:03:04	200000		2026-04-24 07:00:00	NET_30	200000	0	2026-04-24 07:03:04	2026-04-24 07:05:47	344113bf-22c1-416d-b76f-04656cd5cb05	474a9674-122b-4f92-b6ab-7f9c683b2063	ba5226d8-4b25-4a2b-ac61-ab90c495f8bd	2026-04-24 07:03:04	APPROVE	\N	receive	COMPLETE	0	7229a30d-bb06-4e01-80d3-4162cabf93d9	583e3b50-e159-43bf-bd8d-e91b79975a0a	\N
PO-26-93D9-000003	2026-04-24 07:00:00	200000		\N	NET_30	200000	0	2026-04-24 10:06:24	2026-04-24 10:19:52	5239eb24-6003-47a2-b0c3-f4f9190d5e27	474a9674-122b-4f92-b6ab-7f9c683b2063	ba5226d8-4b25-4a2b-ac61-ab90c495f8bd	2026-04-24 07:00:00	VOID	\N	DRAFT	\N	0	7229a30d-bb06-4e01-80d3-4162cabf93d9	583e3b50-e159-43bf-bd8d-e91b79975a0a	\N
\.

-- Table: purchase_returns (1 rows)
COPY purchase_returns (id, return_number, supplier_id, warehouse_id, company_id, return_date, reason, approved_by, po_id, status, total_amount, created_by, created_at, updated_at) FROM stdin;
e35d87c6-be99-4274-9411-14cf1a7a646b	PR-26-93d9-000001	474a9674-122b-4f92-b6ab-7f9c683b2063	ba5226d8-4b25-4a2b-ac61-ab90c495f8bd	7229a30d-bb06-4e01-80d3-4162cabf93d9	2026-04-24 12:39:30		00000000-0000-0000-0000-000000000000	00000000-0000-0000-0000-000000000000	APPROVED	30000	583e3b50-e159-43bf-bd8d-e91b79975a0a	2026-04-24 12:39:30	2026-04-24 12:39:30
\.

-- Table: cash_drawers (1 rows)
COPY cash_drawers (deposit_invoice_id, id, warehouse_id, cashier_id, expected_balance, opened_at, updated_at, company_id, closing_balance, closed_at, notes, drawer_number, opening_balance, variance, status, created_at) FROM stdin;
\N	6b9a66f9-1479-4e46-a495-8ad9184d6afa	ba5226d8-4b25-4a2b-ac61-ab90c495f8bd	a0624492-9ab0-4dbb-8d60-a1eea1c20614	338000	2026-04-24 07:06:50	2026-04-27 09:23:07	7229a30d-bb06-4e01-80d3-4162cabf93d9	\N	\N		CD-1776989210284	200000	\N	OPEN	2026-04-24 07:06:50
\.

-- Table: stock_opnames (1 rows)
COPY stock_opnames (user_id, opname_date, status, notes, created_at, updated_at, id, company_id, opname_number, warehouse_id) FROM stdin;
583e3b50-e159-43bf-bd8d-e91b79975a0a	2026-04-25 07:00:00	approved		2026-04-25 07:42:14	2026-04-25 07:42:20	28d72f1b-5684-4f61-8736-ef0bad863963	7229a30d-bb06-4e01-80d3-4162cabf93d9	OP-26-93d9-000001	ba5226d8-4b25-4a2b-ac61-ab90c495f8bd
\.

-- Table: sale_items (7 rows)
COPY sale_items (discount_amount, tax_rate, notes, id, product_id, quantity, unit_price, original_price, price_tier_id, promotion_id, sale_id) FROM stdin;
200	0	DP00001 - dfsdfsd	fc415e48-30a5-408b-bc06-54a9a57331f1	80315d11-94d9-4d03-bd79-25eade94738d	20	1800	2000	\N	5936bddd-a809-41d8-9044-3d91d6a2e6f9	30168143-ab1b-49ae-8415-9202850c4c3c
200	0	DP00001 - dfsdfsd	267c7cbe-273b-43c3-b9a6-08353d5896c0	80315d11-94d9-4d03-bd79-25eade94738d	1	1800	2000	\N	5936bddd-a809-41d8-9044-3d91d6a2e6f9	a5faf962-24ef-4b9d-9b58-72a96dfb085b
200	0	DP00001 - dfsdfsd	af29295a-b997-4930-8d04-e5e86dd2642d	80315d11-94d9-4d03-bd79-25eade94738d	1	1800	2000	\N	5936bddd-a809-41d8-9044-3d91d6a2e6f9	9ed0899e-d9d5-4914-a0dc-692b1a44aaa6
200	0	DP00001 - dfsdfsd	f113e816-8789-48b2-a159-d7c1b91dff11	80315d11-94d9-4d03-bd79-25eade94738d	1	1800	2000	\N	5936bddd-a809-41d8-9044-3d91d6a2e6f9	cbcca085-2d1b-4fe1-bba9-3d335f447276
200	0	DP00001 - dfsdfsd	59f1f2af-4a09-4a4c-a361-98046aacb156	80315d11-94d9-4d03-bd79-25eade94738d	20	1800	2000	\N	5936bddd-a809-41d8-9044-3d91d6a2e6f9	aa9738cd-56ce-4a80-8bac-213c1eb8a1ae
500	0	DP00001 - dfsdfsd	f2dd0ce9-1d1b-4b8b-8923-bb4c4c505a04	b7ac25a2-3d8b-479d-83d9-ff8ddefb265c	10	4500	5000	\N	5936bddd-a809-41d8-9044-3d91d6a2e6f9	aa9738cd-56ce-4a80-8bac-213c1eb8a1ae
200	0	DP00001 - dfsdfsd	cd2eada0-f990-4b59-be41-45248dce1f14	80315d11-94d9-4d03-bd79-25eade94738d	1	1800	2000	\N	5936bddd-a809-41d8-9044-3d91d6a2e6f9	2364588b-c297-467c-ae63-5dc2e3137987
\.

-- Table: sale_payments (6 rows)
COPY sale_payments (notes, created_at, id, sale_id, payment_method, amount, reference_number, card_last_4) FROM stdin;
	2026-04-24 07:07:03	2078af9a-9f7c-45aa-a77a-4a3b4c307162	30168143-ab1b-49ae-8415-9202850c4c3c	CASH	40000		
	2026-04-25 11:35:47	2c3116e0-2758-4e12-b80f-470d14d22720	a5faf962-24ef-4b9d-9b58-72a96dfb085b	CASH	2000		
	2026-04-25 11:36:25	6b7c4af5-4eaa-4f8d-99c7-062f68da54d5	9ed0899e-d9d5-4914-a0dc-692b1a44aaa6	CASH	2000		
	2026-04-26 11:36:03	18276a09-ab1a-4c59-8409-4d3bb1b9be79	cbcca085-2d1b-4fe1-bba9-3d335f447276	CASH	2000		
	2026-04-27 06:40:21	4bf8981a-2a68-4eef-b580-869f9f069215	aa9738cd-56ce-4a80-8bac-213c1eb8a1ae	CASH	90000		
	2026-04-27 09:23:07	af0ecf3a-1810-4c5f-8642-283aae642c39	2364588b-c297-467c-ae63-5dc2e3137987	CASH	2000		
\.

-- Table: purchase_order_items (9 rows)
COPY purchase_order_items (tax_rate, discount_rate, id, po_id, product_id, qty_po, qty_receive, unit_price) FROM stdin;
0	0	0628622f-ef54-4760-b25b-43adbb9ae1e2	2c2d6f41-802b-432a-8221-314226074ea9	b7ac25a2-3d8b-479d-83d9-ff8ddefb265c	100	100	3000
0	0	6c36e9e9-6ebf-4421-862b-ee8e5ff3c82c	2c2d6f41-802b-432a-8221-314226074ea9	80315d11-94d9-4d03-bd79-25eade94738d	100	100	1000
0	0	93bba8aa-553a-4bb8-8be8-564fedaa5709	2c2d6f41-802b-432a-8221-314226074ea9	6d79a8bf-30c9-4730-9727-1e07ab5c93bd	100	100	200
0	0	f54e55ca-54b3-4287-b9c9-9287eba2c6ac	344113bf-22c1-416d-b76f-04656cd5cb05	80315d11-94d9-4d03-bd79-25eade94738d	200	200	1000
0	0	ee3e88d6-4d99-44c8-bf6f-ca6470ccd386	5239eb24-6003-47a2-b0c3-f4f9190d5e27	80315d11-94d9-4d03-bd79-25eade94738d	200	0	1000
0	0	3984840a-5c7e-4db9-9d00-838b87ad9e3c	a66644fa-9734-4294-ad09-dac618dc6bf9	20afbb46-9d89-4087-adb2-f874552b7479	1	1	2000
0	0	d8109b67-7e63-4912-a2ec-8410c559f270	23b83e99-bbc2-467a-af9b-85c7f95b830c	20afbb46-9d89-4087-adb2-f874552b7479	1	1	2000
0	0	4bf1b3af-7996-4c59-9a84-815a075017ed	8e897c4a-d613-49e2-96a2-842cb69c18c5	20afbb46-9d89-4087-adb2-f874552b7479	1	1	2000
0	0	526b192a-b6ee-40c9-8401-c60239d5aeaa	3dd1a94e-2ee0-496f-bf4f-038bb8d39772	20afbb46-9d89-4087-adb2-f874552b7479	20	0	1500
\.

-- Table: purchase_return_items (12 rows)
COPY purchase_return_items (product_id, quantity, unit_price, discount, po_item_id, amount, notes, tax_rate, id, return_id) FROM stdin;
20afbb46-9d89-4087-adb2-f874552b7479	2	2000	0	00000000-0000-0000-0000-000000000000	4000		0	e52835b0-ff24-4e2b-8da2-e2ca53259f27	1928d830-324e-40d0-90d2-28d168d7b66f
20afbb46-9d89-4087-adb2-f874552b7479	1	2000	0	00000000-0000-0000-0000-000000000000	2000		0	c45ebbac-2ed0-40a1-b845-54db4f9a3aef	1e827e52-fd70-44e1-994b-09c6c0f6f235
20afbb46-9d89-4087-adb2-f874552b7479	1	2000	0	00000000-0000-0000-0000-000000000000	2000		0	bbe572c8-08ba-440b-bd20-e644f405a6e3	7ca3a40d-056e-4b92-8426-9a4e5ac79d6d
20afbb46-9d89-4087-adb2-f874552b7479	1	2000	0	00000000-0000-0000-0000-000000000000	2000		0	5d5efc60-6a20-43fc-8741-36f11fef31b4	57460918-c311-41b2-9592-d636eb4e41dd
20afbb46-9d89-4087-adb2-f874552b7479	1	2000	0	00000000-0000-0000-0000-000000000000	2000		0	f7c888a6-40c9-4a71-a0bc-ee080f579bf4	32200a9d-642b-4d24-86b3-4425aebb07f8
20afbb46-9d89-4087-adb2-f874552b7479	1	2000	0	00000000-0000-0000-0000-000000000000	2000		0	b4436858-3198-4609-9c8a-21dd962e5f39	3e377261-afc7-41db-931e-e19586618b2e
20afbb46-9d89-4087-adb2-f874552b7479	1	100	0	00000000-0000-0000-0000-000000000000	100		0	83fdc1fa-e25f-4ae4-b109-f746b2efd516	b089db6e-918c-4b41-a915-b2b70c0d528f
20afbb46-9d89-4087-adb2-f874552b7479	1	100	0	00000000-0000-0000-0000-000000000000	100		0	8e40512b-cbdf-4043-badf-3aaef32f9ac3	ca735863-1f75-4312-8555-8e05fc1a3249
20afbb46-9d89-4087-adb2-f874552b7479	1	100	0	00000000-0000-0000-0000-000000000000	100		0	b6541898-e4fd-4023-ba42-b5bec0e2171d	1bcf88d2-aa2f-4b92-a8af-f96204be7335
20afbb46-9d89-4087-adb2-f874552b7479	1	100	0	00000000-0000-0000-0000-000000000000	100		0	896d041c-f665-4e7c-97b5-feefdf77ccb7	8c017509-e77e-4508-aef0-825a5f5913e5
20afbb46-9d89-4087-adb2-f874552b7479	1	100	0	00000000-0000-0000-0000-000000000000	100		0	6dee9d1a-41cc-432a-b3b7-c10c763d4323	11204a47-3e0e-4b79-8b9e-9246163913fd
b7ac25a2-3d8b-479d-83d9-ff8ddefb265c	10	3000	0	00000000-0000-0000-0000-000000000000	30000		0	a0f2560a-119c-4b39-a40d-706e7786955c	e35d87c6-be99-4274-9411-14cf1a7a646b
\.

-- Table: cash_drawer_transactions (7 rows)
COPY cash_drawer_transactions (created_by, id, cash_drawer_id, type, amount, sale_id, payment_method, created_at, balance_after, reason) FROM stdin;
a0624492-9ab0-4dbb-8d60-a1eea1c20614	0238030f-6162-4064-b3ea-6f0499e208f8	6b9a66f9-1479-4e46-a495-8ad9184d6afa	OPENING	200000	\N	\N	2026-04-24 07:06:50	200000	Opening cash drawer
a0624492-9ab0-4dbb-8d60-a1eea1c20614	87ccbfb5-8031-4722-91b2-5b7a2e2c4c20	6b9a66f9-1479-4e46-a495-8ad9184d6afa	CASH_IN	40000	30168143-ab1b-49ae-8415-9202850c4c3c	\N	2026-04-24 07:07:03	240000	Penjualan #SLS-20260424-887
a0624492-9ab0-4dbb-8d60-a1eea1c20614	a0ffb4a8-f799-476f-8738-10f9c72f0dae	6b9a66f9-1479-4e46-a495-8ad9184d6afa	CASH_IN	2000	a5faf962-24ef-4b9d-9b58-72a96dfb085b	\N	2026-04-25 11:35:47	242000	Penjualan #SLS-20260425-199
a0624492-9ab0-4dbb-8d60-a1eea1c20614	adf47d5f-be7a-4a4d-ac63-1dc12be03867	6b9a66f9-1479-4e46-a495-8ad9184d6afa	CASH_IN	2000	9ed0899e-d9d5-4914-a0dc-692b1a44aaa6	\N	2026-04-25 11:36:25	244000	Penjualan #SLS-20260425-306
a0624492-9ab0-4dbb-8d60-a1eea1c20614	f78eb760-f1a7-49e8-b747-400d485e8a5e	6b9a66f9-1479-4e46-a495-8ad9184d6afa	CASH_IN	2000	cbcca085-2d1b-4fe1-bba9-3d335f447276	\N	2026-04-26 11:36:03	246000	Penjualan #SLS-20260426-974
a0624492-9ab0-4dbb-8d60-a1eea1c20614	64e14308-7d1c-4ffc-8cd7-feeb86e7aace	6b9a66f9-1479-4e46-a495-8ad9184d6afa	CASH_IN	90000	aa9738cd-56ce-4a80-8bac-213c1eb8a1ae	\N	2026-04-27 06:40:21	336000	Penjualan #SLS-20260427-765
a0624492-9ab0-4dbb-8d60-a1eea1c20614	2c83ee19-83d1-4e4e-a4b8-4341e83e5ba1	6b9a66f9-1479-4e46-a495-8ad9184d6afa	CASH_IN	2000	2364588b-c297-467c-ae63-5dc2e3137987	\N	2026-04-27 09:23:07	338000	Penjualan #SLS-20260427-884
\.

-- Table: stock_opname_items (1 rows)
COPY stock_opname_items (status, id, opname_id, product_id, system_quantity, actual_quantity, difference, notes) FROM stdin;
done	17afc51d-0cb9-460e-9c29-4a2c46a56c2d	28d72f1b-5684-4f61-8736-ef0bad863963	b7ac25a2-3d8b-479d-83d9-ff8ddefb265c	90	10	-80	broken
\.

-- Table: promotions (1 rows)
COPY promotions (end_time, is_active, created_at, min_purchase_amount, id, code, promotion_type, discount_value, get_quantity, start_time, usage_limit, usage_count, description, max_discount_amount, start_date, name, scope, buy_quantity, end_date) FROM stdin;
\N	true	2026-04-12 13:30:20	0	5936bddd-a809-41d8-9044-3d91d6a2e6f9	DP00001	PERCENTAGE	10	1	\N	\N	0	testtt	\N	2026-04-01 07:00:00	dfsdfsd	ALL	1	2026-04-01 07:00:00
\.

-- Table: price_tiers (7 rows)
COPY price_tiers (min_quantity, max_quantity, unit_price, is_active, created_at, id, product_id, tier_name) FROM stdin;
3	\N	4500	true	2026-04-11 08:15:37	5e815082-e020-4ffe-a72e-2dd2c3abdea8	b7ac25a2-3d8b-479d-83d9-ff8ddefb265c	Grosir 1
6	\N	4000	true	2026-04-11 08:15:37	41d6823c-72bd-4c45-aa8f-8d42fb6620e3	b7ac25a2-3d8b-479d-83d9-ff8ddefb265c	Grosir 2
12	\N	3500	true	2026-04-11 08:15:37	49b295c7-0c19-4008-ab3f-2db996a73a5a	b7ac25a2-3d8b-479d-83d9-ff8ddefb265c	Grosir 3
3	\N	1900	true	2026-04-13 08:04:49	fb8f25be-4455-4d8f-968e-168a0d73120b	80315d11-94d9-4d03-bd79-25eade94738d	Grosir 1
3	\N	1900	true	2026-04-09 17:27:13	fc6db036-972b-4660-b6fe-569ac8bf6ce7	20afbb46-9d89-4087-adb2-f874552b7479	Grosir 2
6	\N	1700	true	2026-04-09 17:27:13	020f8d94-8427-40dd-9f9f-9b8c7098146d	20afbb46-9d89-4087-adb2-f874552b7479	Grosir 1
12	\N	1600	true	2026-04-09 17:27:13	fc242980-a53c-4e6b-a5f5-f1b00e48eaba	20afbb46-9d89-4087-adb2-f874552b7479	Grosir 3
\.

-- Table: products (3 rows)
COPY products (id, sku, name, status, created_at, category_id, cost_price, retail_price, is_active, barcode, description, is_trackable, company_id, updated_at, unit_id, tax_rate, reorder_point) FROM stdin;
b7ac25a2-3d8b-479d-83d9-ff8ddefb265c	200	Nasi Gurame	active	2026-03-17 09:48:30	88c17a83-e2e4-40c1-8487-aaf4dec60c99	3000	5000	true	100	nasi gurame enak	false	7229a30d-bb06-4e01-80d3-4162cabf93d9	2026-04-11 08:15:37	d0ee1f31-abfc-41ac-848d-d501024f55f6	0	0
80315d11-94d9-4d03-bd79-25eade94738d	201	Nasi Padang	active	2026-03-30 07:51:35	88c17a83-e2e4-40c1-8487-aaf4dec60c99	1000	2000	true	101	\N	false	7229a30d-bb06-4e01-80d3-4162cabf93d9	2026-04-13 08:04:49	d0ee1f31-abfc-41ac-848d-d501024f55f6	0	0
6d79a8bf-30c9-4730-9727-1e07ab5c93bd	202	nasi pecel	active	2026-02-20 16:19:35	88c17a83-e2e4-40c1-8487-aaf4dec60c99	200	500	true	102	Nasi Pecel Enak	false	7229a30d-bb06-4e01-80d3-4162cabf93d9	2026-04-01 14:52:17	d0ee1f31-abfc-41ac-848d-d501024f55f6	0	0
\.

-- Table: categories (4 rows)
COPY categories (id, code, name, description, parent_id, company_id, is_active, created_at) FROM stdin;
98a0ffbb-2c60-4b3b-b61f-8516dd57e73d	nf	Nonfood	barang nonfood	\N	7229a30d-bb06-4e01-80d3-4162cabf93d9	true	2026-04-11 14:43:19
88c17a83-e2e4-40c1-8487-aaf4dec60c99	TEST01	Test Kategori Baru		\N	7229a30d-bb06-4e01-80d3-4162cabf93d9	true	2026-03-10 20:39:34
0ee6e45f-6577-4f27-bee4-5740ca57d1aa	TEST02	Kategori Test Baru		\N	7229a30d-bb06-4e01-80d3-4162cabf93d9	true	2026-04-23 08:24:49
f9aa5d58-5aef-4f8b-a279-a463a422b38b	mnm	Minuman	daftar minuman	\N	7229a30d-bb06-4e01-80d3-4162cabf93d9	true	2026-04-11 14:43:19
\.

-- Table: units_of_measure (5 rows)
COPY units_of_measure (code, name, description, is_active, created_at, company_id, id) FROM stdin;
un	Unit	sdfsdf	true	2026-04-23 08:24:29	7229a30d-bb06-4e01-80d3-4162cabf93d9	80a309c7-946b-418b-8c01-e66e0a8c1722
pcs	PCS	unit	true	2026-02-24 10:59:45	7229a30d-bb06-4e01-80d3-4162cabf93d9	d0ee1f31-abfc-41ac-848d-d501024f55f6
213	21321	2132	true	2026-02-20 16:20:08	7229a30d-bb06-4e01-80d3-4162cabf93d9	2cf54205-b490-42d7-ad99-2311482e9b07
pc	Piece	satuan product	true	2026-03-10 12:13:39	\N	6beb083e-f892-4b69-b7b0-dc6be61ab65b
sad	sadsa	sadsad	true	2026-03-10 12:18:45	\N	937e180b-a935-46eb-98c5-fabe06107db3
\.

