-- PostgreSQL Backup
-- Company: comp-2026023i (ID: 7229a30d-bb06-4e01-80d3-4162cabf93d9)
-- Backup Date: 2026-04-28 11:00:02
-- Generated by POS Retail System

SET statement_timeout = 0;
SET lock_timeout = 0;
SET client_min_messages = warning;
SET default_transaction_read_only = off;
SET client_encoding = 'UTF8';

-- Table: users (2 rows)
COPY users (company_id, created_at, phone, username, full_name, updated_at, last_login, is_active, id, email, password, role, status) FROM stdin;
7229a30d-bb06-4e01-80d3-4162cabf93d9	2026-03-27 08:50:12	088888	kasir1	Kasir 1	2026-04-28 09:51:19	2026-04-28 09:51:19	true	a0624492-9ab0-4dbb-8d60-a1eea1c20614	dsf@gmail.com	$2a$10$btSKL6A8iYKJo8Jqs4dJHO7t9C8Chfitzlee5IoyUjm4TL7yVpUra	cashier	active
7229a30d-bb06-4e01-80d3-4162cabf93d9	2026-02-18 11:11:38	\N	budifikri	Mochammad Budi FIkriawan	2026-04-26 12:48:24	2026-04-26 12:48:24	true	583e3b50-e159-43bf-bd8d-e91b79975a0a	fikriawan2007@gmail.com	$2a$10$UD7QtFmZCeHecha5FOfkRuEucEa.jJM73rpg7OBA6XqcSLWsQA2FW	admin	active
\.

-- Table: warehouses (2 rows)
COPY warehouses (created_at, is_active, type, status, address, city, phone, updated_at, id, code, name, manager_id, company_id) FROM stdin;
2026-02-19 17:33:22	true	MAIN	active	123 Test Street, Test City	Test City	+1234567890	2026-03-03 20:16:10	ba5226d8-4b25-4a2b-ac61-ab90c495f8bd	TK	TOKO123	\N	7229a30d-bb06-4e01-80d3-4162cabf93d9
2026-03-05 14:20:37	false	BRANCH	inactive	456 Transfer Street	Transfer City	+1234567890	2026-03-10 20:48:20	7faf63da-41f0-465e-ad68-48d40b6a135f	WH2-20260305T07203	Second Warehouse 20260305T07203	\N	7229a30d-bb06-4e01-80d3-4162cabf93d9
\.

-- Table: customers (1 rows)
COPY customers (id, phone, address, status, loyalty_points, credit_limit, created_at, is_active, name, tier, credit_balance, total_purchases, bank_account_number, customer_code, email, city, company_id, bank_branch, updated_at, lastPurchaseDate, bank_name, bank_account_name) FROM stdin;
b129a403-17d5-491c-95e0-2b8165f3d237	ewr	ewrew	active	0	0	2026-04-23 07:42:53	true	were	BRONZE	0	0		CUST-20260423T00425	were	ewr	7229a30d-bb06-4e01-80d3-4162cabf93d9		2026-04-23 07:43:12	\N		
\.

-- Table: suppliers (3 rows)
COPY suppliers (code, name, notes, updated_at, is_active, email, city, tax_id, payment_terms, credit_limit, status, company_id, id, contact_person, address, phone, created_at) FROM stdin;
SUP-1772521584647	Test Supplier 20260303T07062	Test supplier created via API	2026-03-03 14:06:24	true	supplier_20260303T07062@example.com	Supplier City	TAX-20260303T07062	NET_30	10000	active	7229a30d-bb06-4e01-80d3-4162cabf93d9	474a9674-122b-4f92-b6ab-7f9c683b2063	John Doe	123 Supplier Street	+1234567890	2026-03-03 14:06:24
SUP-1772523799582	Test Supplier 20260303T07431	Test supplier created via API	2026-03-03 20:07:58	false	supplier_20260303T07431@example.com	Supplier City	TAX-20260303T07431	NET_30	10000	inactive	7229a30d-bb06-4e01-80d3-4162cabf93d9	53412491-3ae7-48f9-ada7-3a68d65bf5f0	John Doe	123 Supplier Street	+1234567890	2026-03-03 14:43:19
SUP-1771574599094	testt	\N	2026-03-03 20:10:25	true	fdf@gfg	sddfdsf	dsf	NET_30	0	active	7229a30d-bb06-4e01-80d3-4162cabf93d9	57658cd5-f6df-4f22-80bd-a070fc1fa4a8	dfd	dfgdfg	fdf	2026-02-20 15:03:19
\.

-- Table: sales (6 rows)
COPY sales (notes, customer_id, subtotal, sale_number, company_id, tax_amount, total_amount, change_amount, loyalty_points_redeemed, created_at, warehouse_id, cashier_id, sale_date, status, paid_amount, loyalty_points_earned, updated_at, id, cash_drawer_id, discount_amount) FROM stdin;
	\N	36000	SLS-20260424-887	7229a30d-bb06-4e01-80d3-4162cabf93d9	0	36000	4000	0	2026-04-24 07:07:03	ba5226d8-4b25-4a2b-ac61-ab90c495f8bd	a0624492-9ab0-4dbb-8d60-a1eea1c20614	2026-04-24 07:07:03	DONE	40000	3	2026-04-24 07:07:03	30168143-ab1b-49ae-8415-9202850c4c3c	6b9a66f9-1479-4e46-a495-8ad9184d6afa	4000
	\N	1800	SLS-20260425-199	7229a30d-bb06-4e01-80d3-4162cabf93d9	0	1800	200	0	2026-04-25 11:35:47	ba5226d8-4b25-4a2b-ac61-ab90c495f8bd	a0624492-9ab0-4dbb-8d60-a1eea1c20614	2026-04-25 11:35:47	DONE	2000	0	2026-04-25 11:35:47	a5faf962-24ef-4b9d-9b58-72a96dfb085b	6b9a66f9-1479-4e46-a495-8ad9184d6afa	200
	\N	1800	SLS-20260425-306	7229a30d-bb06-4e01-80d3-4162cabf93d9	0	1800	200	0	2026-04-25 11:36:25	ba5226d8-4b25-4a2b-ac61-ab90c495f8bd	a0624492-9ab0-4dbb-8d60-a1eea1c20614	2026-04-25 11:36:25	DONE	2000	0	2026-04-25 11:36:25	9ed0899e-d9d5-4914-a0dc-692b1a44aaa6	6b9a66f9-1479-4e46-a495-8ad9184d6afa	200
	\N	1800	SLS-20260426-974	7229a30d-bb06-4e01-80d3-4162cabf93d9	0	1800	200	0	2026-04-26 11:36:03	ba5226d8-4b25-4a2b-ac61-ab90c495f8bd	a0624492-9ab0-4dbb-8d60-a1eea1c20614	2026-04-26 11:36:03	DONE	2000	0	2026-04-26 11:36:03	cbcca085-2d1b-4fe1-bba9-3d335f447276	6b9a66f9-1479-4e46-a495-8ad9184d6afa	200
	\N	81000	SLS-20260427-765	7229a30d-bb06-4e01-80d3-4162cabf93d9	0	81000	9000	0	2026-04-27 06:40:21	ba5226d8-4b25-4a2b-ac61-ab90c495f8bd	a0624492-9ab0-4dbb-8d60-a1eea1c20614	2026-04-27 06:40:21	DONE	90000	8	2026-04-27 06:40:21	aa9738cd-56ce-4a80-8bac-213c1eb8a1ae	6b9a66f9-1479-4e46-a495-8ad9184d6afa	9000
	\N	1800	SLS-20260427-884	7229a30d-bb06-4e01-80d3-4162cabf93d9	0	1800	200	0	2026-04-27 09:23:07	ba5226d8-4b25-4a2b-ac61-ab90c495f8bd	a0624492-9ab0-4dbb-8d60-a1eea1c20614	2026-04-27 09:23:07	DONE	2000	0	2026-04-27 09:23:07	2364588b-c297-467c-ae63-5dc2e3137987	6b9a66f9-1479-4e46-a495-8ad9184d6afa	200
\.

-- Table: purchase_orders (3 rows)
COPY purchase_orders (order_date, expected_delivery, note_receive, tax_amount, receive_date, warehouse_id, payment_terms, status_po, discount_amount, approved_by, receive_number, po_number, status_receive, subtotal, notes, created_at, total_amount, company_id, created_by, updated_at, id, supplier_id) FROM stdin;
2026-04-24 06:57:23	2026-04-24 06:57:23	COMPLETE	0	2026-04-24 07:00:00	ba5226d8-4b25-4a2b-ac61-ab90c495f8bd	NET_30	APPROVE	0	\N	\N	PO-26-93D9-000001	receive	420000		2026-04-24 06:57:23	420000	7229a30d-bb06-4e01-80d3-4162cabf93d9	583e3b50-e159-43bf-bd8d-e91b79975a0a	2026-04-24 06:58:15	2c2d6f41-802b-432a-8221-314226074ea9	474a9674-122b-4f92-b6ab-7f9c683b2063
2026-04-24 07:03:04	2026-04-24 07:03:04	COMPLETE	0	2026-04-24 07:00:00	ba5226d8-4b25-4a2b-ac61-ab90c495f8bd	NET_30	APPROVE	0	\N	\N	PO-26-93D9-000002	receive	200000		2026-04-24 07:03:04	200000	7229a30d-bb06-4e01-80d3-4162cabf93d9	583e3b50-e159-43bf-bd8d-e91b79975a0a	2026-04-24 07:05:47	344113bf-22c1-416d-b76f-04656cd5cb05	474a9674-122b-4f92-b6ab-7f9c683b2063
2026-04-24 07:00:00	2026-04-24 07:00:00	\N	0	\N	ba5226d8-4b25-4a2b-ac61-ab90c495f8bd	NET_30	VOID	0	\N	\N	PO-26-93D9-000003	DRAFT	200000		2026-04-24 10:06:24	200000	7229a30d-bb06-4e01-80d3-4162cabf93d9	583e3b50-e159-43bf-bd8d-e91b79975a0a	2026-04-24 10:19:52	5239eb24-6003-47a2-b0c3-f4f9190d5e27	474a9674-122b-4f92-b6ab-7f9c683b2063
\.

-- Table: purchase_returns (1 rows)
COPY purchase_returns (created_by, approved_by, supplier_id, warehouse_id, company_id, return_date, created_at, updated_at, id, return_number, po_id, status, reason, total_amount) FROM stdin;
583e3b50-e159-43bf-bd8d-e91b79975a0a	00000000-0000-0000-0000-000000000000	474a9674-122b-4f92-b6ab-7f9c683b2063	ba5226d8-4b25-4a2b-ac61-ab90c495f8bd	7229a30d-bb06-4e01-80d3-4162cabf93d9	2026-04-24 12:39:30	2026-04-24 12:39:30	2026-04-24 12:39:30	e35d87c6-be99-4274-9411-14cf1a7a646b	PR-26-93d9-000001	00000000-0000-0000-0000-000000000000	APPROVED		30000
\.

-- Table: cash_drawers (1 rows)
COPY cash_drawers (cashier_id, opening_balance, expected_balance, warehouse_id, status, notes, updated_at, id, company_id, closing_balance, opened_at, closed_at, created_at, drawer_number, variance, deposit_invoice_id) FROM stdin;
a0624492-9ab0-4dbb-8d60-a1eea1c20614	200000	338000	ba5226d8-4b25-4a2b-ac61-ab90c495f8bd	OPEN		2026-04-27 09:23:07	6b9a66f9-1479-4e46-a495-8ad9184d6afa	7229a30d-bb06-4e01-80d3-4162cabf93d9	\N	2026-04-24 07:06:50	\N	2026-04-24 07:06:50	CD-1776989210284	\N	\N
\.

-- Table: stock_opnames (1 rows)
COPY stock_opnames (opname_date, status, updated_at, company_id, id, opname_number, warehouse_id, notes, created_at, user_id) FROM stdin;
2026-04-25 07:00:00	approved	2026-04-25 07:42:20	7229a30d-bb06-4e01-80d3-4162cabf93d9	28d72f1b-5684-4f61-8736-ef0bad863963	OP-26-93d9-000001	ba5226d8-4b25-4a2b-ac61-ab90c495f8bd		2026-04-25 07:42:14	583e3b50-e159-43bf-bd8d-e91b79975a0a
\.

-- Table: sale_items (7 rows)
COPY sale_items (id, sale_id, unit_price, tax_rate, notes, product_id, quantity, original_price, discount_amount, price_tier_id, promotion_id) FROM stdin;
fc415e48-30a5-408b-bc06-54a9a57331f1	30168143-ab1b-49ae-8415-9202850c4c3c	1800	0	DP00001 - dfsdfsd	80315d11-94d9-4d03-bd79-25eade94738d	20	2000	200	\N	5936bddd-a809-41d8-9044-3d91d6a2e6f9
267c7cbe-273b-43c3-b9a6-08353d5896c0	a5faf962-24ef-4b9d-9b58-72a96dfb085b	1800	0	DP00001 - dfsdfsd	80315d11-94d9-4d03-bd79-25eade94738d	1	2000	200	\N	5936bddd-a809-41d8-9044-3d91d6a2e6f9
af29295a-b997-4930-8d04-e5e86dd2642d	9ed0899e-d9d5-4914-a0dc-692b1a44aaa6	1800	0	DP00001 - dfsdfsd	80315d11-94d9-4d03-bd79-25eade94738d	1	2000	200	\N	5936bddd-a809-41d8-9044-3d91d6a2e6f9
f113e816-8789-48b2-a159-d7c1b91dff11	cbcca085-2d1b-4fe1-bba9-3d335f447276	1800	0	DP00001 - dfsdfsd	80315d11-94d9-4d03-bd79-25eade94738d	1	2000	200	\N	5936bddd-a809-41d8-9044-3d91d6a2e6f9
59f1f2af-4a09-4a4c-a361-98046aacb156	aa9738cd-56ce-4a80-8bac-213c1eb8a1ae	1800	0	DP00001 - dfsdfsd	80315d11-94d9-4d03-bd79-25eade94738d	20	2000	200	\N	5936bddd-a809-41d8-9044-3d91d6a2e6f9
f2dd0ce9-1d1b-4b8b-8923-bb4c4c505a04	aa9738cd-56ce-4a80-8bac-213c1eb8a1ae	4500	0	DP00001 - dfsdfsd	b7ac25a2-3d8b-479d-83d9-ff8ddefb265c	10	5000	500	\N	5936bddd-a809-41d8-9044-3d91d6a2e6f9
cd2eada0-f990-4b59-be41-45248dce1f14	2364588b-c297-467c-ae63-5dc2e3137987	1800	0	DP00001 - dfsdfsd	80315d11-94d9-4d03-bd79-25eade94738d	1	2000	200	\N	5936bddd-a809-41d8-9044-3d91d6a2e6f9
\.

-- Table: sale_payments (6 rows)
COPY sale_payments (amount, reference_number, card_last_4, notes, created_at, id, sale_id, payment_method) FROM stdin;
40000				2026-04-24 07:07:03	2078af9a-9f7c-45aa-a77a-4a3b4c307162	30168143-ab1b-49ae-8415-9202850c4c3c	CASH
2000				2026-04-25 11:35:47	2c3116e0-2758-4e12-b80f-470d14d22720	a5faf962-24ef-4b9d-9b58-72a96dfb085b	CASH
2000				2026-04-25 11:36:25	6b7c4af5-4eaa-4f8d-99c7-062f68da54d5	9ed0899e-d9d5-4914-a0dc-692b1a44aaa6	CASH
2000				2026-04-26 11:36:03	18276a09-ab1a-4c59-8409-4d3bb1b9be79	cbcca085-2d1b-4fe1-bba9-3d335f447276	CASH
90000				2026-04-27 06:40:21	4bf8981a-2a68-4eef-b580-869f9f069215	aa9738cd-56ce-4a80-8bac-213c1eb8a1ae	CASH
2000				2026-04-27 09:23:07	af0ecf3a-1810-4c5f-8642-283aae642c39	2364588b-c297-467c-ae63-5dc2e3137987	CASH
\.

-- Table: purchase_order_items (9 rows)
COPY purchase_order_items (po_id, product_id, qty_po, qty_receive, unit_price, tax_rate, discount_rate, id) FROM stdin;
2c2d6f41-802b-432a-8221-314226074ea9	b7ac25a2-3d8b-479d-83d9-ff8ddefb265c	100	100	3000	0	0	0628622f-ef54-4760-b25b-43adbb9ae1e2
2c2d6f41-802b-432a-8221-314226074ea9	80315d11-94d9-4d03-bd79-25eade94738d	100	100	1000	0	0	6c36e9e9-6ebf-4421-862b-ee8e5ff3c82c
2c2d6f41-802b-432a-8221-314226074ea9	6d79a8bf-30c9-4730-9727-1e07ab5c93bd	100	100	200	0	0	93bba8aa-553a-4bb8-8be8-564fedaa5709
344113bf-22c1-416d-b76f-04656cd5cb05	80315d11-94d9-4d03-bd79-25eade94738d	200	200	1000	0	0	f54e55ca-54b3-4287-b9c9-9287eba2c6ac
5239eb24-6003-47a2-b0c3-f4f9190d5e27	80315d11-94d9-4d03-bd79-25eade94738d	200	0	1000	0	0	ee3e88d6-4d99-44c8-bf6f-ca6470ccd386
a66644fa-9734-4294-ad09-dac618dc6bf9	20afbb46-9d89-4087-adb2-f874552b7479	1	1	2000	0	0	3984840a-5c7e-4db9-9d00-838b87ad9e3c
23b83e99-bbc2-467a-af9b-85c7f95b830c	20afbb46-9d89-4087-adb2-f874552b7479	1	1	2000	0	0	d8109b67-7e63-4912-a2ec-8410c559f270
8e897c4a-d613-49e2-96a2-842cb69c18c5	20afbb46-9d89-4087-adb2-f874552b7479	1	1	2000	0	0	4bf1b3af-7996-4c59-9a84-815a075017ed
3dd1a94e-2ee0-496f-bf4f-038bb8d39772	20afbb46-9d89-4087-adb2-f874552b7479	20	0	1500	0	0	526b192a-b6ee-40c9-8401-c60239d5aeaa
\.

-- Table: purchase_return_items (12 rows)
COPY purchase_return_items (id, return_id, product_id, quantity, amount, notes, po_item_id, unit_price, discount, tax_rate) FROM stdin;
e52835b0-ff24-4e2b-8da2-e2ca53259f27	1928d830-324e-40d0-90d2-28d168d7b66f	20afbb46-9d89-4087-adb2-f874552b7479	2	4000		00000000-0000-0000-0000-000000000000	2000	0	0
c45ebbac-2ed0-40a1-b845-54db4f9a3aef	1e827e52-fd70-44e1-994b-09c6c0f6f235	20afbb46-9d89-4087-adb2-f874552b7479	1	2000		00000000-0000-0000-0000-000000000000	2000	0	0
bbe572c8-08ba-440b-bd20-e644f405a6e3	7ca3a40d-056e-4b92-8426-9a4e5ac79d6d	20afbb46-9d89-4087-adb2-f874552b7479	1	2000		00000000-0000-0000-0000-000000000000	2000	0	0
5d5efc60-6a20-43fc-8741-36f11fef31b4	57460918-c311-41b2-9592-d636eb4e41dd	20afbb46-9d89-4087-adb2-f874552b7479	1	2000		00000000-0000-0000-0000-000000000000	2000	0	0
f7c888a6-40c9-4a71-a0bc-ee080f579bf4	32200a9d-642b-4d24-86b3-4425aebb07f8	20afbb46-9d89-4087-adb2-f874552b7479	1	2000		00000000-0000-0000-0000-000000000000	2000	0	0
b4436858-3198-4609-9c8a-21dd962e5f39	3e377261-afc7-41db-931e-e19586618b2e	20afbb46-9d89-4087-adb2-f874552b7479	1	2000		00000000-0000-0000-0000-000000000000	2000	0	0
83fdc1fa-e25f-4ae4-b109-f746b2efd516	b089db6e-918c-4b41-a915-b2b70c0d528f	20afbb46-9d89-4087-adb2-f874552b7479	1	100		00000000-0000-0000-0000-000000000000	100	0	0
8e40512b-cbdf-4043-badf-3aaef32f9ac3	ca735863-1f75-4312-8555-8e05fc1a3249	20afbb46-9d89-4087-adb2-f874552b7479	1	100		00000000-0000-0000-0000-000000000000	100	0	0
b6541898-e4fd-4023-ba42-b5bec0e2171d	1bcf88d2-aa2f-4b92-a8af-f96204be7335	20afbb46-9d89-4087-adb2-f874552b7479	1	100		00000000-0000-0000-0000-000000000000	100	0	0
896d041c-f665-4e7c-97b5-feefdf77ccb7	8c017509-e77e-4508-aef0-825a5f5913e5	20afbb46-9d89-4087-adb2-f874552b7479	1	100		00000000-0000-0000-0000-000000000000	100	0	0
6dee9d1a-41cc-432a-b3b7-c10c763d4323	11204a47-3e0e-4b79-8b9e-9246163913fd	20afbb46-9d89-4087-adb2-f874552b7479	1	100		00000000-0000-0000-0000-000000000000	100	0	0
a0f2560a-119c-4b39-a40d-706e7786955c	e35d87c6-be99-4274-9411-14cf1a7a646b	b7ac25a2-3d8b-479d-83d9-ff8ddefb265c	10	30000		00000000-0000-0000-0000-000000000000	3000	0	0
\.

-- Table: cash_drawer_transactions (7 rows)
COPY cash_drawer_transactions (balance_after, sale_id, payment_method, reason, cash_drawer_id, type, amount, created_at, created_by, id) FROM stdin;
200000	\N	\N	Opening cash drawer	6b9a66f9-1479-4e46-a495-8ad9184d6afa	OPENING	200000	2026-04-24 07:06:50	a0624492-9ab0-4dbb-8d60-a1eea1c20614	0238030f-6162-4064-b3ea-6f0499e208f8
240000	30168143-ab1b-49ae-8415-9202850c4c3c	\N	Penjualan #SLS-20260424-887	6b9a66f9-1479-4e46-a495-8ad9184d6afa	CASH_IN	40000	2026-04-24 07:07:03	a0624492-9ab0-4dbb-8d60-a1eea1c20614	87ccbfb5-8031-4722-91b2-5b7a2e2c4c20
242000	a5faf962-24ef-4b9d-9b58-72a96dfb085b	\N	Penjualan #SLS-20260425-199	6b9a66f9-1479-4e46-a495-8ad9184d6afa	CASH_IN	2000	2026-04-25 11:35:47	a0624492-9ab0-4dbb-8d60-a1eea1c20614	a0ffb4a8-f799-476f-8738-10f9c72f0dae
244000	9ed0899e-d9d5-4914-a0dc-692b1a44aaa6	\N	Penjualan #SLS-20260425-306	6b9a66f9-1479-4e46-a495-8ad9184d6afa	CASH_IN	2000	2026-04-25 11:36:25	a0624492-9ab0-4dbb-8d60-a1eea1c20614	adf47d5f-be7a-4a4d-ac63-1dc12be03867
246000	cbcca085-2d1b-4fe1-bba9-3d335f447276	\N	Penjualan #SLS-20260426-974	6b9a66f9-1479-4e46-a495-8ad9184d6afa	CASH_IN	2000	2026-04-26 11:36:03	a0624492-9ab0-4dbb-8d60-a1eea1c20614	f78eb760-f1a7-49e8-b747-400d485e8a5e
336000	aa9738cd-56ce-4a80-8bac-213c1eb8a1ae	\N	Penjualan #SLS-20260427-765	6b9a66f9-1479-4e46-a495-8ad9184d6afa	CASH_IN	90000	2026-04-27 06:40:21	a0624492-9ab0-4dbb-8d60-a1eea1c20614	64e14308-7d1c-4ffc-8cd7-feeb86e7aace
338000	2364588b-c297-467c-ae63-5dc2e3137987	\N	Penjualan #SLS-20260427-884	6b9a66f9-1479-4e46-a495-8ad9184d6afa	CASH_IN	2000	2026-04-27 09:23:07	a0624492-9ab0-4dbb-8d60-a1eea1c20614	2c83ee19-83d1-4e4e-a4b8-4341e83e5ba1
\.

-- Table: stock_opname_items (1 rows)
COPY stock_opname_items (difference, notes, status, id, opname_id, product_id, system_quantity, actual_quantity) FROM stdin;
-80	broken	done	17afc51d-0cb9-460e-9c29-4a2c46a56c2d	28d72f1b-5684-4f61-8736-ef0bad863963	b7ac25a2-3d8b-479d-83d9-ff8ddefb265c	90	10
\.

-- Table: promotions (1 rows)
COPY promotions (name, scope, min_purchase_amount, buy_quantity, start_date, end_time, usage_limit, max_discount_amount, get_quantity, id, code, promotion_type, start_time, end_date, description, discount_value, is_active, usage_count, created_at) FROM stdin;
dfsdfsd	ALL	0	1	2026-04-01 07:00:00	\N	\N	\N	1	5936bddd-a809-41d8-9044-3d91d6a2e6f9	DP00001	PERCENTAGE	\N	2026-04-01 07:00:00	testtt	10	true	0	2026-04-12 13:30:20
\.

-- Table: price_tiers (7 rows)
COPY price_tiers (created_at, id, product_id, tier_name, min_quantity, max_quantity, unit_price, is_active) FROM stdin;
2026-04-11 08:15:37	5e815082-e020-4ffe-a72e-2dd2c3abdea8	b7ac25a2-3d8b-479d-83d9-ff8ddefb265c	Grosir 1	3	\N	4500	true
2026-04-11 08:15:37	41d6823c-72bd-4c45-aa8f-8d42fb6620e3	b7ac25a2-3d8b-479d-83d9-ff8ddefb265c	Grosir 2	6	\N	4000	true
2026-04-11 08:15:37	49b295c7-0c19-4008-ab3f-2db996a73a5a	b7ac25a2-3d8b-479d-83d9-ff8ddefb265c	Grosir 3	12	\N	3500	true
2026-04-13 08:04:49	fb8f25be-4455-4d8f-968e-168a0d73120b	80315d11-94d9-4d03-bd79-25eade94738d	Grosir 1	3	\N	1900	true
2026-04-09 17:27:13	fc6db036-972b-4660-b6fe-569ac8bf6ce7	20afbb46-9d89-4087-adb2-f874552b7479	Grosir 2	3	\N	1900	true
2026-04-09 17:27:13	020f8d94-8427-40dd-9f9f-9b8c7098146d	20afbb46-9d89-4087-adb2-f874552b7479	Grosir 1	6	\N	1700	true
2026-04-09 17:27:13	fc242980-a53c-4e6b-a5f5-f1b00e48eaba	20afbb46-9d89-4087-adb2-f874552b7479	Grosir 3	12	\N	1600	true
\.

-- Table: products (3 rows)
COPY products (barcode, name, category_id, cost_price, retail_price, status, reorder_point, company_id, id, unit_id, created_at, tax_rate, is_trackable, updated_at, sku, description, is_active) FROM stdin;
100	Nasi Gurame	88c17a83-e2e4-40c1-8487-aaf4dec60c99	3000	5000	active	0	7229a30d-bb06-4e01-80d3-4162cabf93d9	b7ac25a2-3d8b-479d-83d9-ff8ddefb265c	d0ee1f31-abfc-41ac-848d-d501024f55f6	2026-03-17 09:48:30	0	false	2026-04-11 08:15:37	200	nasi gurame enak	true
101	Nasi Padang	88c17a83-e2e4-40c1-8487-aaf4dec60c99	1000	2000	active	0	7229a30d-bb06-4e01-80d3-4162cabf93d9	80315d11-94d9-4d03-bd79-25eade94738d	d0ee1f31-abfc-41ac-848d-d501024f55f6	2026-03-30 07:51:35	0	false	2026-04-13 08:04:49	201	\N	true
102	nasi pecel	88c17a83-e2e4-40c1-8487-aaf4dec60c99	200	500	active	0	7229a30d-bb06-4e01-80d3-4162cabf93d9	6d79a8bf-30c9-4730-9727-1e07ab5c93bd	d0ee1f31-abfc-41ac-848d-d501024f55f6	2026-02-20 16:19:35	0	false	2026-04-01 14:52:17	202	Nasi Pecel Enak	true
\.

-- Table: categories (4 rows)
COPY categories (code, name, description, parent_id, company_id, is_active, created_at, id) FROM stdin;
nf	Nonfood	barang nonfood	\N	7229a30d-bb06-4e01-80d3-4162cabf93d9	true	2026-04-11 14:43:19	98a0ffbb-2c60-4b3b-b61f-8516dd57e73d
TEST01	Test Kategori Baru		\N	7229a30d-bb06-4e01-80d3-4162cabf93d9	true	2026-03-10 20:39:34	88c17a83-e2e4-40c1-8487-aaf4dec60c99
TEST02	Kategori Test Baru		\N	7229a30d-bb06-4e01-80d3-4162cabf93d9	true	2026-04-23 08:24:49	0ee6e45f-6577-4f27-bee4-5740ca57d1aa
mnm	Minuman	daftar minuman	\N	7229a30d-bb06-4e01-80d3-4162cabf93d9	true	2026-04-11 14:43:19	f9aa5d58-5aef-4f8b-a279-a463a422b38b
\.

-- Table: units_of_measure (5 rows)
COPY units_of_measure (is_active, created_at, company_id, id, code, name, description) FROM stdin;
true	2026-04-23 08:24:29	7229a30d-bb06-4e01-80d3-4162cabf93d9	80a309c7-946b-418b-8c01-e66e0a8c1722	un	Unit	sdfsdf
true	2026-02-24 10:59:45	7229a30d-bb06-4e01-80d3-4162cabf93d9	d0ee1f31-abfc-41ac-848d-d501024f55f6	pcs	PCS	unit
true	2026-02-20 16:20:08	7229a30d-bb06-4e01-80d3-4162cabf93d9	2cf54205-b490-42d7-ad99-2311482e9b07	213	21321	2132
true	2026-03-10 12:13:39	\N	6beb083e-f892-4b69-b7b0-dc6be61ab65b	pc	Piece	satuan product
true	2026-03-10 12:18:45	\N	937e180b-a935-46eb-98c5-fabe06107db3	sad	sadsa	sadsad
\.

