-- PostgreSQL Backup
-- Company: comp-2026023i (ID: 7229a30d-bb06-4e01-80d3-4162cabf93d9)
-- Backup Date: 2026-04-16 09:38:07
-- Generated by POS Retail System

SET statement_timeout = 0;
SET lock_timeout = 0;
SET client_min_messages = warning;
SET default_transaction_read_only = off;
SET client_encoding = 'UTF8';

-- Table: users (2 rows)
COPY users (updated_at, last_login, is_active, id, full_name, status, company_id, phone, username, email, password, role, created_at) FROM stdin;
2026-04-13 15:03:52	2026-04-13 15:03:52	true	a0624492-9ab0-4dbb-8d60-a1eea1c20614	Kasir 1	active	7229a30d-bb06-4e01-80d3-4162cabf93d9	088888	kasir1	dsf@gmail.com	$2a$10$btSKL6A8iYKJo8Jqs4dJHO7t9C8Chfitzlee5IoyUjm4TL7yVpUra	cashier	2026-03-27 08:50:12
2026-04-16 07:17:28	2026-04-16 07:17:28	true	583e3b50-e159-43bf-bd8d-e91b79975a0a	Mochammad Budi FIkriawan	active	7229a30d-bb06-4e01-80d3-4162cabf93d9	\N	budifikri	fikriawan2007@gmail.com	$2a$10$UD7QtFmZCeHecha5FOfkRuEucEa.jJM73rpg7OBA6XqcSLWsQA2FW	admin	2026-02-18 11:11:38
\.

-- Table: warehouses (2 rows)
COPY warehouses (status, address, city, phone, is_active, id, manager_id, company_id, created_at, updated_at, code, name, type) FROM stdin;
active	123 Test Street, Test City	Test City	+1234567890	true	ba5226d8-4b25-4a2b-ac61-ab90c495f8bd	\N	7229a30d-bb06-4e01-80d3-4162cabf93d9	2026-02-19 17:33:22	2026-03-03 20:16:10	TK	TOKO123	MAIN
inactive	456 Transfer Street	Transfer City	+1234567890	false	7faf63da-41f0-465e-ad68-48d40b6a135f	\N	7229a30d-bb06-4e01-80d3-4162cabf93d9	2026-03-05 14:20:37	2026-03-10 20:48:20	WH2-20260305T07203	Second Warehouse 20260305T07203	BRANCH
\.

-- Table: suppliers (3 rows)
COPY suppliers (address, company_id, updated_at, notes, id, contact_person, email, tax_id, created_at, code, phone, city, name, payment_terms, credit_limit, status, is_active) FROM stdin;
123 Supplier Street	7229a30d-bb06-4e01-80d3-4162cabf93d9	2026-03-03 14:06:24	Test supplier created via API	474a9674-122b-4f92-b6ab-7f9c683b2063	John Doe	supplier_20260303T07062@example.com	TAX-20260303T07062	2026-03-03 14:06:24	SUP-1772521584647	+1234567890	Supplier City	Test Supplier 20260303T07062	NET_30	10000	active	true
123 Supplier Street	7229a30d-bb06-4e01-80d3-4162cabf93d9	2026-03-03 20:07:58	Test supplier created via API	53412491-3ae7-48f9-ada7-3a68d65bf5f0	John Doe	supplier_20260303T07431@example.com	TAX-20260303T07431	2026-03-03 14:43:19	SUP-1772523799582	+1234567890	Supplier City	Test Supplier 20260303T07431	NET_30	10000	inactive	false
dfgdfg	7229a30d-bb06-4e01-80d3-4162cabf93d9	2026-03-03 20:10:25	\N	57658cd5-f6df-4f22-80bd-a070fc1fa4a8	dfd	fdf@gfg	dsf	2026-02-20 15:03:19	SUP-1771574599094	fdf	sddfdsf	testt	NET_30	0	active	true
\.

-- Table: sales (37 rows)
COPY sales (tax_amount, status, discount_amount, total_amount, loyalty_points_earned, loyalty_points_redeemed, notes, created_at, updated_at, id, paid_amount, sale_date, change_amount, sale_number, warehouse_id, customer_id, cashier_id, company_id, cash_drawer_id, subtotal) FROM stdin;
0	DONE	0	5000	0	0		2026-03-28 16:17:03	2026-03-28 16:17:03	fd2f69ad-69ec-4d87-b9ff-5802ae4c90e5	6000	2026-03-28 16:17:03	1000	SLS-20260328-686	ba5226d8-4b25-4a2b-ac61-ab90c495f8bd	\N	a0624492-9ab0-4dbb-8d60-a1eea1c20614	7229a30d-bb06-4e01-80d3-4162cabf93d9	\N	5000
0	DONE	0	5000	0	0		2026-03-28 16:40:49	2026-03-28 16:40:49	e4df619b-6966-400f-9c28-53d1b76a07e9	6000	2026-03-28 16:40:49	1000	SLS-20260328-823	ba5226d8-4b25-4a2b-ac61-ab90c495f8bd	\N	a0624492-9ab0-4dbb-8d60-a1eea1c20614	7229a30d-bb06-4e01-80d3-4162cabf93d9	\N	5000
0	DONE	0	5000	0	0		2026-03-28 16:41:47	2026-03-28 16:41:47	56661fdc-52d1-40e2-9d19-aa818d91ab2c	6000	2026-03-28 16:41:47	1000	SLS-20260328-079	ba5226d8-4b25-4a2b-ac61-ab90c495f8bd	\N	a0624492-9ab0-4dbb-8d60-a1eea1c20614	7229a30d-bb06-4e01-80d3-4162cabf93d9	\N	5000
0	DONE	0	5000	0	0		2026-03-28 16:44:42	2026-03-28 16:44:42	14c0f652-fd98-4917-8869-cfd9997469fd	6000	2026-03-28 16:44:42	1000	SLS-20260328-234	ba5226d8-4b25-4a2b-ac61-ab90c495f8bd	\N	a0624492-9ab0-4dbb-8d60-a1eea1c20614	7229a30d-bb06-4e01-80d3-4162cabf93d9	718e3c49-e7d4-458b-8ddf-22aa7b62e182	5000
0	DONE	0	10000	1	0		2026-03-29 10:18:01	2026-03-29 10:18:01	0a9698d7-6fca-47fb-9492-9745e5d08050	50000	2026-03-29 10:18:01	40000	SLS-20260329-883	ba5226d8-4b25-4a2b-ac61-ab90c495f8bd	\N	a0624492-9ab0-4dbb-8d60-a1eea1c20614	7229a30d-bb06-4e01-80d3-4162cabf93d9	718e3c49-e7d4-458b-8ddf-22aa7b62e182	10000
0	DONE	0	5000	0	0		2026-03-29 12:48:09	2026-03-29 12:48:09	4b79aac0-35d9-4671-88b1-bf459efec00a	6000	2026-03-29 12:48:09	1000	SLS-20260329-854	ba5226d8-4b25-4a2b-ac61-ab90c495f8bd	\N	a0624492-9ab0-4dbb-8d60-a1eea1c20614	7229a30d-bb06-4e01-80d3-4162cabf93d9	718e3c49-e7d4-458b-8ddf-22aa7b62e182	5000
0	DONE	0	5000	0	0		2026-03-29 12:48:33	2026-03-29 12:48:33	bf042260-93c1-40b8-b486-3be49511cfab	7000	2026-03-29 12:48:33	2000	SLS-20260329-173	ba5226d8-4b25-4a2b-ac61-ab90c495f8bd	\N	a0624492-9ab0-4dbb-8d60-a1eea1c20614	7229a30d-bb06-4e01-80d3-4162cabf93d9	718e3c49-e7d4-458b-8ddf-22aa7b62e182	5000
0	DONE	0	5000	0	0		2026-03-29 12:50:36	2026-03-29 12:50:36	f1dca261-feff-4999-b70d-6db150e597b8	7000	2026-03-29 12:50:36	2000	SLS-20260329-886	ba5226d8-4b25-4a2b-ac61-ab90c495f8bd	\N	a0624492-9ab0-4dbb-8d60-a1eea1c20614	7229a30d-bb06-4e01-80d3-4162cabf93d9	718e3c49-e7d4-458b-8ddf-22aa7b62e182	5000
0	DONE	0	5000	0	0		2026-03-29 12:51:06	2026-03-29 12:51:06	951b635e-506e-44e2-ae84-2a07830dfc66	8000	2026-03-29 12:51:06	3000	SLS-20260329-083	ba5226d8-4b25-4a2b-ac61-ab90c495f8bd	\N	a0624492-9ab0-4dbb-8d60-a1eea1c20614	7229a30d-bb06-4e01-80d3-4162cabf93d9	718e3c49-e7d4-458b-8ddf-22aa7b62e182	5000
0	DONE	0	5000	0	0		2026-03-29 13:10:28	2026-03-29 13:10:28	a3e69d4a-c814-4927-a6ff-a476618d1fb3	6000	2026-03-29 13:10:28	1000	SLS-20260329-347	ba5226d8-4b25-4a2b-ac61-ab90c495f8bd	\N	a0624492-9ab0-4dbb-8d60-a1eea1c20614	7229a30d-bb06-4e01-80d3-4162cabf93d9	718e3c49-e7d4-458b-8ddf-22aa7b62e182	5000
0	DONE	0	5000	0	0		2026-03-29 13:24:43	2026-03-29 13:24:43	8d7557f6-88f1-4d41-a82a-bcd70db458f1	6000	2026-03-29 13:24:43	1000	SLS-20260329-372	ba5226d8-4b25-4a2b-ac61-ab90c495f8bd	\N	a0624492-9ab0-4dbb-8d60-a1eea1c20614	7229a30d-bb06-4e01-80d3-4162cabf93d9	718e3c49-e7d4-458b-8ddf-22aa7b62e182	5000
0	DONE	0	5000	0	0		2026-03-29 13:51:31	2026-03-29 13:51:31	e1261c38-f8ce-410d-af9c-22056abd4ec1	6000	2026-03-29 13:51:31	1000	SLS-20260329-682	ba5226d8-4b25-4a2b-ac61-ab90c495f8bd	\N	a0624492-9ab0-4dbb-8d60-a1eea1c20614	7229a30d-bb06-4e01-80d3-4162cabf93d9	718e3c49-e7d4-458b-8ddf-22aa7b62e182	5000
0	DONE	0	29500	2	0		2026-03-30 08:24:10	2026-03-30 08:24:10	53c30d0e-9ce3-4f4f-a750-e903584e892a	40000	2026-03-30 08:24:10	10500	SLS-20260330-610	ba5226d8-4b25-4a2b-ac61-ab90c495f8bd	\N	a0624492-9ab0-4dbb-8d60-a1eea1c20614	7229a30d-bb06-4e01-80d3-4162cabf93d9	718e3c49-e7d4-458b-8ddf-22aa7b62e182	29500
0	DONE	0	11200	1	0		2026-04-12 15:28:14	2026-04-12 15:28:14	4793e1e1-21dd-4977-8743-3c75d5ec6856	12000	2026-04-12 15:28:14	800	SLS-20260412-524	ba5226d8-4b25-4a2b-ac61-ab90c495f8bd	\N	a0624492-9ab0-4dbb-8d60-a1eea1c20614	7229a30d-bb06-4e01-80d3-4162cabf93d9	718e3c49-e7d4-458b-8ddf-22aa7b62e182	11200
0	DONE	0	2000	0	0		2026-04-12 16:36:33	2026-04-12 16:36:33	9ca307a3-561b-4eb1-b18d-e0b154a75bc6	2000	2026-04-12 16:36:33	0	SLS-20260412-778	ba5226d8-4b25-4a2b-ac61-ab90c495f8bd	\N	a0624492-9ab0-4dbb-8d60-a1eea1c20614	7229a30d-bb06-4e01-80d3-4162cabf93d9	718e3c49-e7d4-458b-8ddf-22aa7b62e182	2000
0	DONE	75000	175000	17	0		2026-04-12 16:37:55	2026-04-12 16:37:55	e01079b1-3df9-472c-b57f-76f8701042ba	250000	2026-04-12 16:37:55	75000	SLS-20260412-364	ba5226d8-4b25-4a2b-ac61-ab90c495f8bd	\N	a0624492-9ab0-4dbb-8d60-a1eea1c20614	7229a30d-bb06-4e01-80d3-4162cabf93d9	718e3c49-e7d4-458b-8ddf-22aa7b62e182	175000
0	DONE	0	2000	0	0		2026-04-12 16:44:03	2026-04-12 16:44:03	364ccb59-2eb0-4518-97bf-1e13d918436f	2000	2026-04-12 16:44:03	0	SLS-20260412-415	ba5226d8-4b25-4a2b-ac61-ab90c495f8bd	\N	a0624492-9ab0-4dbb-8d60-a1eea1c20614	7229a30d-bb06-4e01-80d3-4162cabf93d9	718e3c49-e7d4-458b-8ddf-22aa7b62e182	2000
0	DONE	0	50000	5	0		2026-04-12 16:45:39	2026-04-12 16:45:39	887d1874-7fdf-41d9-bdfb-2f754fdfd4ff	50000	2026-04-12 16:45:39	0	SLS-20260412-014	ba5226d8-4b25-4a2b-ac61-ab90c495f8bd	\N	a0624492-9ab0-4dbb-8d60-a1eea1c20614	7229a30d-bb06-4e01-80d3-4162cabf93d9	718e3c49-e7d4-458b-8ddf-22aa7b62e182	50000
0	DONE	5500	104500	10	0		2026-04-12 16:51:22	2026-04-12 16:51:22	ef34f32f-0b23-48e6-b662-7fa21cbf00f9	200000	2026-04-12 16:51:22	95500	SLS-20260412-062	ba5226d8-4b25-4a2b-ac61-ab90c495f8bd	\N	a0624492-9ab0-4dbb-8d60-a1eea1c20614	7229a30d-bb06-4e01-80d3-4162cabf93d9	718e3c49-e7d4-458b-8ddf-22aa7b62e182	104500
0	DONE	6000	114000	11	0		2026-04-12 16:55:19	2026-04-12 16:55:19	a0dd19e1-afeb-4326-a984-839af92d7e0a	200000	2026-04-12 16:55:19	86000	SLS-20260412-516	ba5226d8-4b25-4a2b-ac61-ab90c495f8bd	\N	a0624492-9ab0-4dbb-8d60-a1eea1c20614	7229a30d-bb06-4e01-80d3-4162cabf93d9	718e3c49-e7d4-458b-8ddf-22aa7b62e182	114000
0	DONE	6000	114000	11	0		2026-04-12 16:59:57	2026-04-12 16:59:57	d47fe32b-b865-4f30-9a60-d54b5e4e6b7b	200000	2026-04-12 16:59:57	86000	SLS-20260412-360	ba5226d8-4b25-4a2b-ac61-ab90c495f8bd	\N	a0624492-9ab0-4dbb-8d60-a1eea1c20614	7229a30d-bb06-4e01-80d3-4162cabf93d9	718e3c49-e7d4-458b-8ddf-22aa7b62e182	114000
0	DONE	15400	138600	13	0		2026-04-12 17:04:07	2026-04-12 17:04:07	82b83e44-31fa-4b15-9b34-facfa174e64a	160000	2026-04-12 17:04:07	21400	SLS-20260412-649	ba5226d8-4b25-4a2b-ac61-ab90c495f8bd	\N	a0624492-9ab0-4dbb-8d60-a1eea1c20614	7229a30d-bb06-4e01-80d3-4162cabf93d9	718e3c49-e7d4-458b-8ddf-22aa7b62e182	138600
0	DONE	19800	178200	17	0		2026-04-12 17:09:20	2026-04-12 17:09:20	1db8d2a8-5efc-4c06-bbc6-878ffa8b5fe5	200000	2026-04-12 17:09:20	21800	SLS-20260412-282	ba5226d8-4b25-4a2b-ac61-ab90c495f8bd	\N	a0624492-9ab0-4dbb-8d60-a1eea1c20614	7229a30d-bb06-4e01-80d3-4162cabf93d9	718e3c49-e7d4-458b-8ddf-22aa7b62e182	178200
0	DONE	400	7600	0	0		2026-04-12 17:11:03	2026-04-12 17:11:03	d72ae578-d65b-4774-a0ee-14dff255f5af	9000	2026-04-12 17:11:03	1400	SLS-20260412-285	ba5226d8-4b25-4a2b-ac61-ab90c495f8bd	\N	a0624492-9ab0-4dbb-8d60-a1eea1c20614	7229a30d-bb06-4e01-80d3-4162cabf93d9	718e3c49-e7d4-458b-8ddf-22aa7b62e182	7600
0	DONE	1900	36100	3	0		2026-04-12 17:14:42	2026-04-12 17:14:42	03ce70c1-1bae-4891-a510-0599f698793d	41100	2026-04-12 17:14:42	5000	SLS-20260412-677	ba5226d8-4b25-4a2b-ac61-ab90c495f8bd	\N	a0624492-9ab0-4dbb-8d60-a1eea1c20614	7229a30d-bb06-4e01-80d3-4162cabf93d9	718e3c49-e7d4-458b-8ddf-22aa7b62e182	36100
0	DONE	0	5500	0	0		2026-04-12 17:15:28	2026-04-12 17:15:28	4ce15344-96ea-4314-aca0-661dab097c11	7000	2026-04-12 17:15:28	1500	SLS-20260412-662	ba5226d8-4b25-4a2b-ac61-ab90c495f8bd	\N	a0624492-9ab0-4dbb-8d60-a1eea1c20614	7229a30d-bb06-4e01-80d3-4162cabf93d9	718e3c49-e7d4-458b-8ddf-22aa7b62e182	5500
0	DONE	1500	28500	2	0		2026-04-12 17:16:21	2026-04-12 17:16:21	c23fed76-8f2c-4bbb-b786-ddeb7635e4ba	40000	2026-04-12 17:16:21	11500	SLS-20260412-542	ba5226d8-4b25-4a2b-ac61-ab90c495f8bd	\N	a0624492-9ab0-4dbb-8d60-a1eea1c20614	7229a30d-bb06-4e01-80d3-4162cabf93d9	718e3c49-e7d4-458b-8ddf-22aa7b62e182	28500
0	DONE	1600	30400	3	0		2026-04-12 17:17:30	2026-04-12 17:17:30	fd91ff96-1b93-4e39-b8f3-9b5529437ead	35000	2026-04-12 17:17:30	4600	SLS-20260412-581	ba5226d8-4b25-4a2b-ac61-ab90c495f8bd	\N	a0624492-9ab0-4dbb-8d60-a1eea1c20614	7229a30d-bb06-4e01-80d3-4162cabf93d9	718e3c49-e7d4-458b-8ddf-22aa7b62e182	30400
0	DONE	11000	64000	6	0		2026-04-12 18:47:23	2026-04-12 18:47:23	d7dd5b10-1b88-425c-a85c-15265e85bfdd	72000	2026-04-12 18:47:23	8000	SLS-20260412-722	ba5226d8-4b25-4a2b-ac61-ab90c495f8bd	\N	a0624492-9ab0-4dbb-8d60-a1eea1c20614	7229a30d-bb06-4e01-80d3-4162cabf93d9	718e3c49-e7d4-458b-8ddf-22aa7b62e182	64000
0	DONE	4500	65500	6	0		2026-04-12 19:02:17	2026-04-12 19:02:17	8adecc38-f249-4b44-a94b-d46f5463f9cc	73000	2026-04-12 19:02:17	7500	SLS-20260412-489	ba5226d8-4b25-4a2b-ac61-ab90c495f8bd	\N	a0624492-9ab0-4dbb-8d60-a1eea1c20614	7229a30d-bb06-4e01-80d3-4162cabf93d9	718e3c49-e7d4-458b-8ddf-22aa7b62e182	65500
0	DONE	2100	39900	3	0		2026-04-12 21:42:41	2026-04-12 21:42:41	c5c59f1c-181d-4872-af64-012ee3a529e6	45000	2026-04-12 21:42:41	5100	SLS-20260412-356	ba5226d8-4b25-4a2b-ac61-ab90c495f8bd	\N	a0624492-9ab0-4dbb-8d60-a1eea1c20614	7229a30d-bb06-4e01-80d3-4162cabf93d9	718e3c49-e7d4-458b-8ddf-22aa7b62e182	39900
0	DONE	2000	38000	3	0		2026-04-12 22:00:23	2026-04-12 22:00:23	2ce211b9-f71b-4014-8483-886f60d1f442	50000	2026-04-12 22:00:23	12000	SLS-20260412-159	ba5226d8-4b25-4a2b-ac61-ab90c495f8bd	\N	a0624492-9ab0-4dbb-8d60-a1eea1c20614	7229a30d-bb06-4e01-80d3-4162cabf93d9	718e3c49-e7d4-458b-8ddf-22aa7b62e182	38000
0	DONE	2000	38000	3	0		2026-04-12 22:33:44	2026-04-12 22:33:44	cfb27d12-039f-4f31-9815-12de891fb77a	50000	2026-04-12 22:33:44	12000	SLS-20260412-514	ba5226d8-4b25-4a2b-ac61-ab90c495f8bd	\N	a0624492-9ab0-4dbb-8d60-a1eea1c20614	7229a30d-bb06-4e01-80d3-4162cabf93d9	718e3c49-e7d4-458b-8ddf-22aa7b62e182	38000
0	DONE	1000	19000	1	0		2026-04-12 23:44:02	2026-04-12 23:44:02	d12399c1-ceae-4fad-b919-ac44e7c0c668	20000	2026-04-12 23:44:02	1000	SLS-20260412-331	ba5226d8-4b25-4a2b-ac61-ab90c495f8bd	\N	a0624492-9ab0-4dbb-8d60-a1eea1c20614	7229a30d-bb06-4e01-80d3-4162cabf93d9	718e3c49-e7d4-458b-8ddf-22aa7b62e182	19000
0	DONE	200	1800	0	0		2026-04-13 08:18:21	2026-04-13 08:18:21	944f0d02-d1b9-4704-b514-b46a724dce77	2000	2026-04-13 08:18:21	200	SLS-20260413-888	ba5226d8-4b25-4a2b-ac61-ab90c495f8bd	\N	a0624492-9ab0-4dbb-8d60-a1eea1c20614	7229a30d-bb06-4e01-80d3-4162cabf93d9	718e3c49-e7d4-458b-8ddf-22aa7b62e182	1800
0	DONE	200	1800	0	0		2026-04-13 11:42:51	2026-04-13 11:42:51	253f6328-72fb-4187-8307-2f71b3211e7b	2000	2026-04-13 11:42:51	200	SLS-20260413-457	ba5226d8-4b25-4a2b-ac61-ab90c495f8bd	\N	a0624492-9ab0-4dbb-8d60-a1eea1c20614	7229a30d-bb06-4e01-80d3-4162cabf93d9	718e3c49-e7d4-458b-8ddf-22aa7b62e182	1800
0	DONE	200	1800	0	0		2026-04-13 11:53:53	2026-04-13 11:53:53	5a6a4ef5-1df1-4e07-a648-347d15481269	2000	2026-04-13 11:53:53	200	SLS-20260413-698	ba5226d8-4b25-4a2b-ac61-ab90c495f8bd	\N	a0624492-9ab0-4dbb-8d60-a1eea1c20614	7229a30d-bb06-4e01-80d3-4162cabf93d9	718e3c49-e7d4-458b-8ddf-22aa7b62e182	1800
\.

-- Table: purchase_orders (4 rows)
COPY purchase_orders (expected_delivery, payment_terms, tax_amount, discount_amount, company_id, supplier_id, status_po, status_receive, note_receive, subtotal, total_amount, created_by, approved_by, notes, updated_at, receive_date, receive_number, id, created_at, po_number, warehouse_id, order_date) FROM stdin;
2026-03-29 07:00:00	NET_30	0	0	7229a30d-bb06-4e01-80d3-4162cabf93d9	474a9674-122b-4f92-b6ab-7f9c683b2063	APPROVE	receive	PARTIAL	20000	20000	583e3b50-e159-43bf-bd8d-e91b79975a0a	\N		2026-03-29 14:06:23	2026-03-29 07:00:00	RN-26-93D9-000002	bbde2bdd-cc81-4268-8b10-5a9958afbb8c	2026-03-29 14:06:13	PO-26-93D9-000002	ba5226d8-4b25-4a2b-ac61-ab90c495f8bd	2026-03-29 07:00:00
2026-03-30 07:00:00	NET_30	0	0	7229a30d-bb06-4e01-80d3-4162cabf93d9	57658cd5-f6df-4f22-80bd-a070fc1fa4a8	APPROVE	receive	COMPLETE	20000	20000	583e3b50-e159-43bf-bd8d-e91b79975a0a	\N		2026-03-30 07:48:45	2026-03-30 07:00:00	RN-26-93D9-000003	fde0bb69-befa-4e75-bb90-1ab3b2b20c7c	2026-03-30 07:47:55	PO-26-93D9-000003	ba5226d8-4b25-4a2b-ac61-ab90c495f8bd	2026-03-30 07:00:00
2026-04-15 07:00:00	NET_30	0	0	7229a30d-bb06-4e01-80d3-4162cabf93d9	474a9674-122b-4f92-b6ab-7f9c683b2063	APPROVE	receive	PARTIAL	5000	5000	583e3b50-e159-43bf-bd8d-e91b79975a0a	\N		2026-04-15 16:38:12	2026-04-15 07:00:00	RN-26-93D9-000004	78c54e1d-273a-48ca-854d-2003fa19607e	2026-04-15 16:37:55	PO-26-93D9-000004	ba5226d8-4b25-4a2b-ac61-ab90c495f8bd	2026-04-15 07:00:00
2026-03-17 07:00:00	NET_30	0	0	7229a30d-bb06-4e01-80d3-4162cabf93d9	474a9674-122b-4f92-b6ab-7f9c683b2063	APPROVE	receive	COMPLETE	2000	2000	583e3b50-e159-43bf-bd8d-e91b79975a0a	\N		2026-03-17 20:28:51	2026-03-17 07:00:00	RN-26-93D9-000001	ef45916c-a542-44b2-95c9-05f7508fd340	2026-03-17 20:28:32	PO-26-93D9-000001	ba5226d8-4b25-4a2b-ac61-ab90c495f8bd	2026-03-17 07:00:00
\.

-- Table: purchase_returns (1 rows)
COPY purchase_returns (id, po_id, supplier_id, return_date, status, created_by, approved_by, return_number, warehouse_id, company_id, reason, total_amount, created_at, updated_at) FROM stdin;
c280c402-0d82-4396-8e25-c95fddbd3086	00000000-0000-0000-0000-000000000000	57658cd5-f6df-4f22-80bd-a070fc1fa4a8	2026-03-27 07:40:22	APPROVED	583e3b50-e159-43bf-bd8d-e91b79975a0a	00000000-0000-0000-0000-000000000000	PR-26-93d9-000001	ba5226d8-4b25-4a2b-ac61-ab90c495f8bd	7229a30d-bb06-4e01-80d3-4162cabf93d9		2000	2026-03-27 07:40:22	2026-03-27 07:40:22
\.

-- Table: invoices_outgoing (1 rows)
COPY invoices_outgoing (status, discount_amount, total_amount, notes, created_at, company_id, invoice_date, subtotal, paid_amount, balance_due, attachment_path, id, invoice_number, updated_at, customer_id, due_date, tax_amount, created_by) FROM stdin;
DRAFT	0	20000	Cash drawer deposit for drawer CD-1774685501693. Amount: 20000.00, Variance: 0.00	2026-03-28 15:28:16	7229a30d-bb06-4e01-80d3-4162cabf93d9	2026-03-28 15:28:16	20000	0	20000	\N	4456b3a6-04c4-4a02-9943-7cb4dd7fd0a4	INV-OUT-1774686496931	2026-03-28 15:28:16	\N	2026-03-28 15:28:16	0	a0624492-9ab0-4dbb-8d60-a1eea1c20614
\.

-- Table: cash_drawers (2 rows)
COPY cash_drawers (drawer_number, company_id, notes, deposit_invoice_id, updated_at, warehouse_id, cashier_id, variance, opened_at, closing_balance, created_at, closed_at, id, status, opening_balance, expected_balance) FROM stdin;
CD-1774685501693	7229a30d-bb06-4e01-80d3-4162cabf93d9		4456b3a6-04c4-4a02-9943-7cb4dd7fd0a4	2026-03-28 15:28:16	ba5226d8-4b25-4a2b-ac61-ab90c495f8bd	a0624492-9ab0-4dbb-8d60-a1eea1c20614	0	2026-03-28 15:11:41	20000	2026-03-28 15:11:41	2026-03-28 15:28:16	dfa13e46-65f9-4295-9213-9725c71f416e	CLOSED	20000	20000
CD-1774686502530	7229a30d-bb06-4e01-80d3-4162cabf93d9		\N	2026-04-13 11:53:53	ba5226d8-4b25-4a2b-ac61-ab90c495f8bd	a0624492-9ab0-4dbb-8d60-a1eea1c20614	\N	2026-03-28 15:28:22	\N	2026-03-28 15:28:22	\N	718e3c49-e7d4-458b-8ddf-22aa7b62e182	OPEN	10000	213000
\.

-- Table: stock_opnames (6 rows)
COPY stock_opnames (id, opname_date, status, notes, created_at, updated_at, company_id, opname_number, warehouse_id, user_id) FROM stdin;
d7998c76-4bcb-4048-8c0c-7ea09b34f9bd	2026-03-27 07:00:00	approved		2026-03-27 07:49:33	2026-03-27 07:49:38	7229a30d-bb06-4e01-80d3-4162cabf93d9	OP-26-93d9-000001	ba5226d8-4b25-4a2b-ac61-ab90c495f8bd	583e3b50-e159-43bf-bd8d-e91b79975a0a
5e8e8ef5-a9b4-4b7d-9088-51698a14b4bd	2026-03-29 07:00:00	approved		2026-03-29 13:10:00	2026-03-29 13:10:06	7229a30d-bb06-4e01-80d3-4162cabf93d9	OP-26-93d9-000002	ba5226d8-4b25-4a2b-ac61-ab90c495f8bd	583e3b50-e159-43bf-bd8d-e91b79975a0a
e6d29326-741f-4dd3-9597-4c1cc5c8af81	2026-03-30 07:00:00	approved		2026-03-30 07:50:22	2026-03-30 07:50:27	7229a30d-bb06-4e01-80d3-4162cabf93d9	OP-26-93d9-000003	ba5226d8-4b25-4a2b-ac61-ab90c495f8bd	583e3b50-e159-43bf-bd8d-e91b79975a0a
a6fb574c-8f58-4195-b8de-ac09f1c002fc	2026-03-30 07:00:00	approved		2026-03-30 07:52:18	2026-03-30 07:52:28	7229a30d-bb06-4e01-80d3-4162cabf93d9	OP-26-93d9-000004	ba5226d8-4b25-4a2b-ac61-ab90c495f8bd	583e3b50-e159-43bf-bd8d-e91b79975a0a
da34fc14-5ec8-4eb2-bfbc-b6b28f4ba131	2026-03-30 07:00:00	approved		2026-03-30 07:55:43	2026-03-30 07:55:52	7229a30d-bb06-4e01-80d3-4162cabf93d9	OP-26-93d9-000005	ba5226d8-4b25-4a2b-ac61-ab90c495f8bd	583e3b50-e159-43bf-bd8d-e91b79975a0a
3c510cda-13a6-4a79-9466-435f497d41ae	2026-03-30 07:00:00	approved		2026-03-30 08:11:38	2026-03-30 08:11:45	7229a30d-bb06-4e01-80d3-4162cabf93d9	OP-26-93d9-000006	ba5226d8-4b25-4a2b-ac61-ab90c495f8bd	583e3b50-e159-43bf-bd8d-e91b79975a0a
\.

-- Table: sale_items (45 rows)
COPY sale_items (id, product_id, original_price, discount_amount, tax_rate, promotion_id, sale_id, quantity, unit_price, price_tier_id, notes) FROM stdin;
39d62eb6-8f17-4a2d-a761-e01b228f6c0f	b7ac25a2-3d8b-479d-83d9-ff8ddefb265c	5000	0	0	\N	fd2f69ad-69ec-4d87-b9ff-5802ae4c90e5	1	5000	\N	
4d8c1aab-a0db-423c-89c7-a809bc7228de	b7ac25a2-3d8b-479d-83d9-ff8ddefb265c	5000	0	0	\N	e4df619b-6966-400f-9c28-53d1b76a07e9	1	5000	\N	
929d965b-2f65-46f2-b5c6-44e1893dd030	b7ac25a2-3d8b-479d-83d9-ff8ddefb265c	5000	0	0	\N	56661fdc-52d1-40e2-9d19-aa818d91ab2c	1	5000	\N	
f50dc8a9-cf32-4680-bf73-17eda2b537b9	b7ac25a2-3d8b-479d-83d9-ff8ddefb265c	5000	0	0	\N	14c0f652-fd98-4917-8869-cfd9997469fd	1	5000	\N	
9af4137f-6705-4022-9946-85723a7db306	b7ac25a2-3d8b-479d-83d9-ff8ddefb265c	5000	0	0	\N	0a9698d7-6fca-47fb-9492-9745e5d08050	2	5000	\N	
001929cf-861c-4076-b7bb-3f4c3b2f594e	b7ac25a2-3d8b-479d-83d9-ff8ddefb265c	5000	0	0	\N	4b79aac0-35d9-4671-88b1-bf459efec00a	1	5000	\N	
89513ab8-b047-4ee4-8c7d-8809b034a06e	b7ac25a2-3d8b-479d-83d9-ff8ddefb265c	5000	0	0	\N	bf042260-93c1-40b8-b486-3be49511cfab	1	5000	\N	
d217e31d-b7b4-4dfe-aa6c-b53003158696	b7ac25a2-3d8b-479d-83d9-ff8ddefb265c	5000	0	0	\N	f1dca261-feff-4999-b70d-6db150e597b8	1	5000	\N	
1be51e98-1817-42ce-ba6b-509bac8189f0	b7ac25a2-3d8b-479d-83d9-ff8ddefb265c	5000	0	0	\N	951b635e-506e-44e2-ae84-2a07830dfc66	1	5000	\N	
c6cfaecf-7dc9-4672-b93b-e87bcd8a53b4	b7ac25a2-3d8b-479d-83d9-ff8ddefb265c	5000	0	0	\N	a3e69d4a-c814-4927-a6ff-a476618d1fb3	1	5000	\N	
9b2a8b48-4253-4b40-999e-065b5a2f4578	b7ac25a2-3d8b-479d-83d9-ff8ddefb265c	5000	0	0	\N	8d7557f6-88f1-4d41-a82a-bcd70db458f1	1	5000	\N	
c14c9527-2591-402d-bd0d-a88d1123e802	b7ac25a2-3d8b-479d-83d9-ff8ddefb265c	5000	0	0	\N	e1261c38-f8ce-410d-af9c-22056abd4ec1	1	5000	\N	
46283965-5d19-455e-8b0a-921d9c4e5bab	b7ac25a2-3d8b-479d-83d9-ff8ddefb265c	5000	0	0	\N	53c30d0e-9ce3-4f4f-a750-e903584e892a	5	5000	\N	
7dbbb267-d5ef-4aa8-b1b5-e89f1cacda0c	80315d11-94d9-4d03-bd79-25eade94738d	2000	0	0	\N	53c30d0e-9ce3-4f4f-a750-e903584e892a	2	2000	\N	
b12047b8-8f8d-4007-b700-7f45f3730177	6d79a8bf-30c9-4730-9727-1e07ab5c93bd	500	0	0	\N	53c30d0e-9ce3-4f4f-a750-e903584e892a	1	500	\N	
d0378e86-bded-4985-bc5e-b269e4581d23	80315d11-94d9-4d03-bd79-25eade94738d	1900	0	0	\N	4793e1e1-21dd-4977-8743-3c75d5ec6856	3	1900	475d1c91-9c02-4b5d-aef8-740b408d5afd	
bb2717e4-6b1a-4690-9f03-48d89325d5e4	6d79a8bf-30c9-4730-9727-1e07ab5c93bd	500	0	0	\N	4793e1e1-21dd-4977-8743-3c75d5ec6856	1	500	\N	
97b7107c-c94d-4001-9629-aadc9ce6a1e5	b7ac25a2-3d8b-479d-83d9-ff8ddefb265c	5000	0	0	\N	4793e1e1-21dd-4977-8743-3c75d5ec6856	1	5000	\N	
58d7658a-9e9c-47e8-a01f-493842053b73	80315d11-94d9-4d03-bd79-25eade94738d	2000	0	0	\N	9ca307a3-561b-4eb1-b18d-e0b154a75bc6	1	2000	\N	
ed027b7e-8cca-4dca-a457-26ebad3e1f81	b7ac25a2-3d8b-479d-83d9-ff8ddefb265c	5000	1500	0	\N	e01079b1-3df9-472c-b57f-76f8701042ba	50	3500	49b295c7-0c19-4008-ab3f-2db996a73a5a	Grosir 12
adbd6eb3-24d9-434f-b77d-ff4346ef77da	80315d11-94d9-4d03-bd79-25eade94738d	2000	0	0	\N	364ccb59-2eb0-4518-97bf-1e13d918436f	1	2000	\N	
54d1f917-310f-4f0f-ac65-accea27bcf08	6d79a8bf-30c9-4730-9727-1e07ab5c93bd	500	0	0	\N	887d1874-7fdf-41d9-bdfb-2f754fdfd4ff	100	500	\N	
ce2f61fd-61de-4afe-a63b-c5e32506cb18	80315d11-94d9-4d03-bd79-25eade94738d	2000	100	0	\N	ef34f32f-0b23-48e6-b662-7fa21cbf00f9	55	1900	475d1c91-9c02-4b5d-aef8-740b408d5afd	Grosir 3
b81a5d5d-6766-4424-b243-a743430636c0	80315d11-94d9-4d03-bd79-25eade94738d	2000	100	0	\N	a0dd19e1-afeb-4326-a984-839af92d7e0a	60	1900	475d1c91-9c02-4b5d-aef8-740b408d5afd	Grosir 3
215b83f9-edf0-4660-b9c8-46510f9cd6be	80315d11-94d9-4d03-bd79-25eade94738d	2000	100	0	\N	d47fe32b-b865-4f30-9a60-d54b5e4e6b7b	60	1900	475d1c91-9c02-4b5d-aef8-740b408d5afd	Grosir 3
66c818b4-2d6d-45b8-9e2a-34bd2fec5b46	80315d11-94d9-4d03-bd79-25eade94738d	2000	200	0	5936bddd-a809-41d8-9044-3d91d6a2e6f9	82b83e44-31fa-4b15-9b34-facfa174e64a	77	1800	475d1c91-9c02-4b5d-aef8-740b408d5afd	DP00001 - dfsdfsd
970b26e7-b954-4ce7-99c8-5b8b28363290	80315d11-94d9-4d03-bd79-25eade94738d	2000	200	0	5936bddd-a809-41d8-9044-3d91d6a2e6f9	1db8d2a8-5efc-4c06-bbc6-878ffa8b5fe5	99	1800	\N	DP00001 - dfsdfsd
c8cb732f-ceca-44ed-89f6-2f5d03aee1b1	80315d11-94d9-4d03-bd79-25eade94738d	2000	100	0	\N	d72ae578-d65b-4774-a0ee-14dff255f5af	4	1900	\N	Grosir 3
0caca7c8-26bd-46b1-827c-21ea0aa08139	80315d11-94d9-4d03-bd79-25eade94738d	2000	100	0	\N	03ce70c1-1bae-4891-a510-0599f698793d	19	1900	\N	Grosir 3
976bb048-6a36-4f3a-9637-58b78a09dc97	6d79a8bf-30c9-4730-9727-1e07ab5c93bd	500	0	0	\N	4ce15344-96ea-4314-aca0-661dab097c11	11	500	\N	
96aed465-6a6d-4639-bee8-dd5a5e2081a3	80315d11-94d9-4d03-bd79-25eade94738d	2000	100	0	\N	c23fed76-8f2c-4bbb-b786-ddeb7635e4ba	15	1900	\N	Grosir 3
9fdffdfd-50de-4b4c-8afc-f11e629459d3	80315d11-94d9-4d03-bd79-25eade94738d	2000	100	0	\N	fd91ff96-1b93-4e39-b8f3-9b5529437ead	16	1900	475d1c91-9c02-4b5d-aef8-740b408d5afd	Grosir 3
f3dc03b3-1df2-4d43-b07d-60e23944bdac	80315d11-94d9-4d03-bd79-25eade94738d	2000	100	0	\N	d7dd5b10-1b88-425c-a85c-15265e85bfdd	10	1900	475d1c91-9c02-4b5d-aef8-740b408d5afd	Grosir 3
8d511974-7a7e-4e3a-8248-2aff560562d0	b7ac25a2-3d8b-479d-83d9-ff8ddefb265c	5000	1000	0	\N	d7dd5b10-1b88-425c-a85c-15265e85bfdd	10	4000	41d6823c-72bd-4c45-aa8f-8d42fb6620e3	Grosir 6
070f2217-5d74-40d4-8b34-228bfc42f531	6d79a8bf-30c9-4730-9727-1e07ab5c93bd	500	0	0	\N	d7dd5b10-1b88-425c-a85c-15265e85bfdd	10	500	\N	
74f1565d-0999-448c-905b-ddddea2df3ee	80315d11-94d9-4d03-bd79-25eade94738d	2000	100	0	\N	8adecc38-f249-4b44-a94b-d46f5463f9cc	20	1900	475d1c91-9c02-4b5d-aef8-740b408d5afd	Grosir 3
0f19a67c-0c52-4cf3-bf0d-c4f90f0c45b7	6d79a8bf-30c9-4730-9727-1e07ab5c93bd	500	0	0	\N	8adecc38-f249-4b44-a94b-d46f5463f9cc	10	500	\N	
e647c9b4-ecc1-4fa3-9dd6-fc1d2be3d6d7	b7ac25a2-3d8b-479d-83d9-ff8ddefb265c	5000	500	0	\N	8adecc38-f249-4b44-a94b-d46f5463f9cc	5	4500	5e815082-e020-4ffe-a72e-2dd2c3abdea8	Grosir 3
18371668-a5fb-4190-b8b6-6d61ba3334e9	80315d11-94d9-4d03-bd79-25eade94738d	2000	100	0	\N	c5c59f1c-181d-4872-af64-012ee3a529e6	21	1900	475d1c91-9c02-4b5d-aef8-740b408d5afd	Grosir 3
9afdefd5-61d6-44c6-8a67-6d19f5500235	80315d11-94d9-4d03-bd79-25eade94738d	2000	100	0	\N	2ce211b9-f71b-4014-8483-886f60d1f442	20	1900	475d1c91-9c02-4b5d-aef8-740b408d5afd	Grosir 3
6d6982f8-abc0-4c31-8999-f37647c7969e	80315d11-94d9-4d03-bd79-25eade94738d	2000	100	0	\N	cfb27d12-039f-4f31-9815-12de891fb77a	20	1900	475d1c91-9c02-4b5d-aef8-740b408d5afd	Grosir 3
84a5220d-64dc-41b1-98be-b8ff5cfb4332	80315d11-94d9-4d03-bd79-25eade94738d	2000	100	0	\N	d12399c1-ceae-4fad-b919-ac44e7c0c668	10	1900	475d1c91-9c02-4b5d-aef8-740b408d5afd	Grosir 3
035244ca-3a9c-4e5c-bf31-8291c211d10e	80315d11-94d9-4d03-bd79-25eade94738d	2000	200	0	5936bddd-a809-41d8-9044-3d91d6a2e6f9	944f0d02-d1b9-4704-b514-b46a724dce77	1	1800	\N	DP00001 - dfsdfsd
ef5e75fc-0837-4c12-971a-fc0fd31236d2	80315d11-94d9-4d03-bd79-25eade94738d	2000	200	0	5936bddd-a809-41d8-9044-3d91d6a2e6f9	253f6328-72fb-4187-8307-2f71b3211e7b	1	1800	\N	DP00001 - dfsdfsd
2028df40-f18d-44a1-b255-87b31b38683a	80315d11-94d9-4d03-bd79-25eade94738d	2000	200	0	5936bddd-a809-41d8-9044-3d91d6a2e6f9	5a6a4ef5-1df1-4e07-a648-347d15481269	1	1800	\N	DP00001 - dfsdfsd
\.

-- Table: sale_payments (37 rows)
COPY sale_payments (card_last_4, notes, created_at, id, sale_id, payment_method, amount, reference_number) FROM stdin;
		2026-03-28 16:17:03	3f6058ab-d63f-4de4-ba5e-44a66572adb4	fd2f69ad-69ec-4d87-b9ff-5802ae4c90e5	CASH	6000	
		2026-03-28 16:40:49	75d64f7c-834a-46a8-a3c4-c547b32dee81	e4df619b-6966-400f-9c28-53d1b76a07e9	CASH	6000	
		2026-03-28 16:41:47	9a164963-d17f-4a94-820f-414eee035f69	56661fdc-52d1-40e2-9d19-aa818d91ab2c	CASH	6000	
		2026-03-28 16:44:42	1c1f712b-5374-4d1f-bd84-2373ccef4576	14c0f652-fd98-4917-8869-cfd9997469fd	CASH	6000	
		2026-03-29 10:18:01	8733d23b-ba89-446b-a539-de40037e5945	0a9698d7-6fca-47fb-9492-9745e5d08050	CASH	50000	
		2026-03-29 12:48:09	43be0d6b-dfd8-48f1-ac24-26c6d45b9fb9	4b79aac0-35d9-4671-88b1-bf459efec00a	CASH	6000	
		2026-03-29 12:48:33	245161df-3a64-44b4-9a45-57d8dd49dc7f	bf042260-93c1-40b8-b486-3be49511cfab	CASH	7000	
		2026-03-29 12:50:36	4c5d38f2-00e0-4921-9e73-d6adc7e5604c	f1dca261-feff-4999-b70d-6db150e597b8	CASH	7000	
		2026-03-29 12:51:06	6ea9bab6-7916-466b-b50e-a0909b16704c	951b635e-506e-44e2-ae84-2a07830dfc66	CASH	8000	
		2026-03-29 13:10:28	a50517ad-124b-4b9b-a877-12ce133d1751	a3e69d4a-c814-4927-a6ff-a476618d1fb3	CASH	6000	
		2026-03-29 13:24:43	232752b3-3a3d-4cf0-a7fd-5e767ff763f2	8d7557f6-88f1-4d41-a82a-bcd70db458f1	CASH	6000	
		2026-03-29 13:51:31	3dd887d9-c8f9-4f83-a52f-443a2c769979	e1261c38-f8ce-410d-af9c-22056abd4ec1	CASH	6000	
		2026-03-30 08:24:10	be7e7780-7582-4c78-be21-b677d8749362	53c30d0e-9ce3-4f4f-a750-e903584e892a	CASH	40000	
		2026-04-12 15:28:14	22904cca-0aa6-4c95-ab24-2d4f44ee809a	4793e1e1-21dd-4977-8743-3c75d5ec6856	CASH	12000	
		2026-04-12 16:36:33	7b4c9ea2-b348-41c1-9c5d-0c3fa30ab6d4	9ca307a3-561b-4eb1-b18d-e0b154a75bc6	CASH	2000	
		2026-04-12 16:37:55	43091547-c359-4501-9f42-4efa3df98997	e01079b1-3df9-472c-b57f-76f8701042ba	CASH	250000	
		2026-04-12 16:44:03	d6539152-2be1-4c00-add0-9c831d2ebaed	364ccb59-2eb0-4518-97bf-1e13d918436f	CASH	2000	
		2026-04-12 16:45:39	57adaa0c-6371-4e3b-8318-c093481d91a2	887d1874-7fdf-41d9-bdfb-2f754fdfd4ff	CASH	50000	
		2026-04-12 16:51:22	f9eb2c75-247d-4058-949c-c9f3d85643c6	ef34f32f-0b23-48e6-b662-7fa21cbf00f9	CASH	200000	
		2026-04-12 16:55:19	9bec7c8a-4df4-464e-aee4-bbe1f0ece6d0	a0dd19e1-afeb-4326-a984-839af92d7e0a	CASH	200000	
		2026-04-12 16:59:57	d3c1db52-0abc-49a6-a315-6d8f06cd2a2e	d47fe32b-b865-4f30-9a60-d54b5e4e6b7b	CASH	200000	
		2026-04-12 17:04:07	53c41818-ecba-40ec-9c83-58611ad15075	82b83e44-31fa-4b15-9b34-facfa174e64a	CASH	160000	
		2026-04-12 17:09:20	9ef18127-605a-4d02-a945-3b4158e6f326	1db8d2a8-5efc-4c06-bbc6-878ffa8b5fe5	CASH	200000	
		2026-04-12 17:11:03	13cbc921-e27e-4b61-9a15-ab44fc27cda1	d72ae578-d65b-4774-a0ee-14dff255f5af	CASH	9000	
		2026-04-12 17:14:42	7ac65f26-eba4-40ac-a525-47becf5f8a54	03ce70c1-1bae-4891-a510-0599f698793d	CASH	41100	
		2026-04-12 17:15:28	b9204a0e-428d-41c8-ae28-3130aed4137e	4ce15344-96ea-4314-aca0-661dab097c11	CASH	7000	
		2026-04-12 17:16:21	0ee5f4a8-e33c-4de9-a250-477b8056d7e1	c23fed76-8f2c-4bbb-b786-ddeb7635e4ba	CASH	40000	
		2026-04-12 17:17:30	955dafa3-a21b-4d56-a154-b7317b305934	fd91ff96-1b93-4e39-b8f3-9b5529437ead	CASH	35000	
		2026-04-12 18:47:23	c623f58d-4c8b-429f-aa01-606235a6e7b0	d7dd5b10-1b88-425c-a85c-15265e85bfdd	CASH	72000	
		2026-04-12 19:02:17	43af09a3-6361-477b-908f-2111bc4a47da	8adecc38-f249-4b44-a94b-d46f5463f9cc	CASH	73000	
		2026-04-12 21:42:41	966e0125-eaf2-4cf0-849a-368bdc8f6c84	c5c59f1c-181d-4872-af64-012ee3a529e6	CASH	45000	
		2026-04-12 22:00:23	ab18edb5-0665-4324-9c1e-f25714653214	2ce211b9-f71b-4014-8483-886f60d1f442	CASH	50000	
		2026-04-12 22:33:44	e9881d78-f786-4ad7-8804-7dade07dcec4	cfb27d12-039f-4f31-9815-12de891fb77a	CASH	50000	
		2026-04-12 23:44:02	ef290202-b753-4366-a25c-798c512c2ef7	d12399c1-ceae-4fad-b919-ac44e7c0c668	CASH	20000	
		2026-04-13 08:18:21	7ad7eefa-d203-420d-adf9-94471ac968c0	944f0d02-d1b9-4704-b514-b46a724dce77	CASH	2000	
		2026-04-13 11:42:51	8a2502a3-7143-4e07-8d4a-8362601b2456	253f6328-72fb-4187-8307-2f71b3211e7b	CASH	2000	
		2026-04-13 11:53:53	b123a1e9-7a76-4959-b131-b5d4d7765e3e	5a6a4ef5-1df1-4e07-a648-347d15481269	CASH	2000	
\.

-- Table: purchase_order_items (8 rows)
COPY purchase_order_items (tax_rate, discount_rate, id, po_id, product_id, qty_po, qty_receive, unit_price) FROM stdin;
0	0	420b8973-8ef9-4513-bcdb-27e5d2ebdc02	ef45916c-a542-44b2-95c9-05f7508fd340	b7ac25a2-3d8b-479d-83d9-ff8ddefb265c	1	1	2000
0	0	3984840a-5c7e-4db9-9d00-838b87ad9e3c	a66644fa-9734-4294-ad09-dac618dc6bf9	20afbb46-9d89-4087-adb2-f874552b7479	1	1	2000
0	0	d8109b67-7e63-4912-a2ec-8410c559f270	23b83e99-bbc2-467a-af9b-85c7f95b830c	20afbb46-9d89-4087-adb2-f874552b7479	1	1	2000
0	0	4bf1b3af-7996-4c59-9a84-815a075017ed	8e897c4a-d613-49e2-96a2-842cb69c18c5	20afbb46-9d89-4087-adb2-f874552b7479	1	1	2000
0	0	e3fa8d30-90ee-40ab-9f10-758e11d1dfc3	bbde2bdd-cc81-4268-8b10-5a9958afbb8c	6d79a8bf-30c9-4730-9727-1e07ab5c93bd	100	0	200
0	0	b03ded21-04b9-4437-9744-eb23b5859b90	fde0bb69-befa-4e75-bb90-1ab3b2b20c7c	6d79a8bf-30c9-4730-9727-1e07ab5c93bd	100	100	200
0	0	526b192a-b6ee-40c9-8401-c60239d5aeaa	3dd1a94e-2ee0-496f-bf4f-038bb8d39772	20afbb46-9d89-4087-adb2-f874552b7479	20	0	1500
0	0	e70b730a-3885-4cc8-af57-1a9afc6cc81b	78c54e1d-273a-48ca-854d-2003fa19607e	80315d11-94d9-4d03-bd79-25eade94738d	5	0	1000
\.

-- Table: purchase_return_items (12 rows)
COPY purchase_return_items (id, return_id, po_item_id, quantity, unit_price, notes, product_id, amount, discount, tax_rate) FROM stdin;
e52835b0-ff24-4e2b-8da2-e2ca53259f27	1928d830-324e-40d0-90d2-28d168d7b66f	00000000-0000-0000-0000-000000000000	2	2000		20afbb46-9d89-4087-adb2-f874552b7479	4000	0	0
c45ebbac-2ed0-40a1-b845-54db4f9a3aef	1e827e52-fd70-44e1-994b-09c6c0f6f235	00000000-0000-0000-0000-000000000000	1	2000		20afbb46-9d89-4087-adb2-f874552b7479	2000	0	0
bbe572c8-08ba-440b-bd20-e644f405a6e3	7ca3a40d-056e-4b92-8426-9a4e5ac79d6d	00000000-0000-0000-0000-000000000000	1	2000		20afbb46-9d89-4087-adb2-f874552b7479	2000	0	0
5d5efc60-6a20-43fc-8741-36f11fef31b4	57460918-c311-41b2-9592-d636eb4e41dd	00000000-0000-0000-0000-000000000000	1	2000		20afbb46-9d89-4087-adb2-f874552b7479	2000	0	0
f7c888a6-40c9-4a71-a0bc-ee080f579bf4	32200a9d-642b-4d24-86b3-4425aebb07f8	00000000-0000-0000-0000-000000000000	1	2000		20afbb46-9d89-4087-adb2-f874552b7479	2000	0	0
b4436858-3198-4609-9c8a-21dd962e5f39	3e377261-afc7-41db-931e-e19586618b2e	00000000-0000-0000-0000-000000000000	1	2000		20afbb46-9d89-4087-adb2-f874552b7479	2000	0	0
83fdc1fa-e25f-4ae4-b109-f746b2efd516	b089db6e-918c-4b41-a915-b2b70c0d528f	00000000-0000-0000-0000-000000000000	1	100		20afbb46-9d89-4087-adb2-f874552b7479	100	0	0
8e40512b-cbdf-4043-badf-3aaef32f9ac3	ca735863-1f75-4312-8555-8e05fc1a3249	00000000-0000-0000-0000-000000000000	1	100		20afbb46-9d89-4087-adb2-f874552b7479	100	0	0
b6541898-e4fd-4023-ba42-b5bec0e2171d	1bcf88d2-aa2f-4b92-a8af-f96204be7335	00000000-0000-0000-0000-000000000000	1	100		20afbb46-9d89-4087-adb2-f874552b7479	100	0	0
896d041c-f665-4e7c-97b5-feefdf77ccb7	8c017509-e77e-4508-aef0-825a5f5913e5	00000000-0000-0000-0000-000000000000	1	100		20afbb46-9d89-4087-adb2-f874552b7479	100	0	0
6dee9d1a-41cc-432a-b3b7-c10c763d4323	11204a47-3e0e-4b79-8b9e-9246163913fd	00000000-0000-0000-0000-000000000000	1	100		20afbb46-9d89-4087-adb2-f874552b7479	100	0	0
f353ac37-8c8e-4119-9c9e-48c5a2fbb0a2	c280c402-0d82-4396-8e25-c95fddbd3086	00000000-0000-0000-0000-000000000000	1	2000		b7ac25a2-3d8b-479d-83d9-ff8ddefb265c	2000	0	0
\.

-- Table: invoice_items (1 rows)
COPY invoice_items (invoice_id, description, unit_price, discount_rate, tax_rate, created_at, invoice_type, product_id, quantity, discount_amount, tax_amount, line_total, updated_at, id) FROM stdin;
4456b3a6-04c4-4a02-9943-7cb4dd7fd0a4	Cash Drawer Deposit	20000	0	0	2026-03-28 15:28:16	OUTGOING	\N	1	0	0	20000	2026-03-28 15:28:16	f4139670-52a4-473e-8f2f-314ddc3b0afc
\.

-- Table: cash_drawer_transactions (7 rows)
COPY cash_drawer_transactions (cash_drawer_id, type, amount, payment_method, reason, created_at, created_by, balance_after, sale_id, id) FROM stdin;
dfa13e46-65f9-4295-9213-9725c71f416e	OPENING	20000	\N	test 123	2026-03-28 15:11:41	a0624492-9ab0-4dbb-8d60-a1eea1c20614	20000	\N	927aadca-0151-4758-a8c1-2cd34f559445
dfa13e46-65f9-4295-9213-9725c71f416e	CLOSING	20000	\N	Closing cash drawer	2026-03-28 15:28:16	a0624492-9ab0-4dbb-8d60-a1eea1c20614	20000	\N	ae72d411-ddb9-4a4c-80a6-71274a26cebb
718e3c49-e7d4-458b-8ddf-22aa7b62e182	OPENING	10000	\N	Opening cash drawer	2026-03-28 15:28:22	a0624492-9ab0-4dbb-8d60-a1eea1c20614	10000	\N	fd37e628-a53d-4474-8d01-f8a1e4935381
718e3c49-e7d4-458b-8ddf-22aa7b62e182	CASH_IN	200000	\N	llll	2026-03-28 15:38:50	a0624492-9ab0-4dbb-8d60-a1eea1c20614	210000	\N	0bda2e03-f4a8-4b7a-b44a-1a57344db28c
718e3c49-e7d4-458b-8ddf-22aa7b62e182	CASH_IN	5000	\N	testt	2026-03-29 10:11:52	a0624492-9ab0-4dbb-8d60-a1eea1c20614	215000	\N	ed5abc6f-ba58-44be-8d9a-eba9b456bc87
718e3c49-e7d4-458b-8ddf-22aa7b62e182	CASH_OUT	4000	\N	sss	2026-03-29 10:12:02	a0624492-9ab0-4dbb-8d60-a1eea1c20614	211000	\N	15fcb20a-b1b6-46ff-9be6-cdef4a48ca1e
718e3c49-e7d4-458b-8ddf-22aa7b62e182	SALE_IN	2000	\N	Penjualan #SLS-20260413-698	2026-04-13 11:53:53	a0624492-9ab0-4dbb-8d60-a1eea1c20614	213000	5a6a4ef5-1df1-4e07-a648-347d15481269	5e642d7a-6a21-4e8b-9f29-ca40860b021f
\.

-- Table: stock_opname_items (7 rows)
COPY stock_opname_items (notes, status, id, opname_id, product_id, system_quantity, actual_quantity, difference) FROM stdin;
mismatch	done	f4e67510-6018-4e39-b010-ba2adb808eef	e6d29326-741f-4dd3-9597-4c1cc5c8af81	6d79a8bf-30c9-4730-9727-1e07ab5c93bd	100	200	100
mismatch	done	3ef21266-145b-4607-abab-4241c0fce020	a6fb574c-8f58-4195-b8de-ac09f1c002fc	80315d11-94d9-4d03-bd79-25eade94738d	0	100	100
lost	done	2c3cb420-717e-4688-bafb-50c5d868a331	da34fc14-5ec8-4eb2-bfbc-b6b28f4ba131	80315d11-94d9-4d03-bd79-25eade94738d	0	10	10
mismatch	done	bcdacd56-f01e-4fcb-aa10-d22266d31134	3c510cda-13a6-4a79-9466-435f497d41ae	80315d11-94d9-4d03-bd79-25eade94738d	0	1000	1000
mismatch	done	a99d8f68-cdc1-4312-a10f-cb51d306f239	d7998c76-4bcb-4048-8c0c-7ea09b34f9bd	b7ac25a2-3d8b-479d-83d9-ff8ddefb265c	0	10	10
mismatch	done	52444273-119a-4156-a327-0b43c955a490	5e8e8ef5-a9b4-4b7d-9088-51698a14b4bd	6d79a8bf-30c9-4730-9727-1e07ab5c93bd	0	100	100
mismatch	done	fe22b8b3-ab97-4ab1-8886-7d0ca13fafcf	5e8e8ef5-a9b4-4b7d-9088-51698a14b4bd	b7ac25a2-3d8b-479d-83d9-ff8ddefb265c	0	100	100
\.

-- Table: promotions (1 rows)
COPY promotions (name, discount_value, buy_quantity, get_quantity, created_at, max_discount_amount, description, scope, min_purchase_amount, start_date, start_time, is_active, usage_limit, id, code, promotion_type, end_date, end_time, usage_count) FROM stdin;
dfsdfsd	10	1	1	2026-04-12 13:30:20	\N	testtt	ALL	0	2026-04-01 07:00:00	\N	true	\N	5936bddd-a809-41d8-9044-3d91d6a2e6f9	DP00001	PERCENTAGE	2026-04-01 07:00:00	\N	0
\.

-- Table: price_tiers (7 rows)
COPY price_tiers (product_id, tier_name, min_quantity, max_quantity, unit_price, is_active, created_at, id) FROM stdin;
20afbb46-9d89-4087-adb2-f874552b7479	Grosir 2	3	\N	1900	true	2026-04-09 17:27:13	fc6db036-972b-4660-b6fe-569ac8bf6ce7
20afbb46-9d89-4087-adb2-f874552b7479	Grosir 1	6	\N	1700	true	2026-04-09 17:27:13	020f8d94-8427-40dd-9f9f-9b8c7098146d
20afbb46-9d89-4087-adb2-f874552b7479	Grosir 3	12	\N	1600	true	2026-04-09 17:27:13	fc242980-a53c-4e6b-a5f5-f1b00e48eaba
b7ac25a2-3d8b-479d-83d9-ff8ddefb265c	Grosir 1	3	\N	4500	true	2026-04-11 08:15:37	5e815082-e020-4ffe-a72e-2dd2c3abdea8
b7ac25a2-3d8b-479d-83d9-ff8ddefb265c	Grosir 2	6	\N	4000	true	2026-04-11 08:15:37	41d6823c-72bd-4c45-aa8f-8d42fb6620e3
b7ac25a2-3d8b-479d-83d9-ff8ddefb265c	Grosir 3	12	\N	3500	true	2026-04-11 08:15:37	49b295c7-0c19-4008-ab3f-2db996a73a5a
80315d11-94d9-4d03-bd79-25eade94738d	Grosir 1	3	\N	1900	true	2026-04-13 08:04:49	fb8f25be-4455-4d8f-968e-168a0d73120b
\.

-- Table: products (3 rows)
COPY products (unit_id, retail_price, is_trackable, reorder_point, sku, barcode, description, cost_price, status, created_at, id, name, company_id, is_active, tax_rate, updated_at, category_id) FROM stdin;
d0ee1f31-abfc-41ac-848d-d501024f55f6	5000	false	0	200	100	nasi gurame enak	3000	active	2026-03-17 09:48:30	b7ac25a2-3d8b-479d-83d9-ff8ddefb265c	Nasi Gurame	7229a30d-bb06-4e01-80d3-4162cabf93d9	true	0	2026-04-11 08:15:37	88c17a83-e2e4-40c1-8487-aaf4dec60c99
d0ee1f31-abfc-41ac-848d-d501024f55f6	2000	false	0	201	101		1000	active	2026-03-30 07:51:35	80315d11-94d9-4d03-bd79-25eade94738d	Nasi Padang	7229a30d-bb06-4e01-80d3-4162cabf93d9	true	0	2026-04-13 08:04:49	88c17a83-e2e4-40c1-8487-aaf4dec60c99
d0ee1f31-abfc-41ac-848d-d501024f55f6	500	false	0	202	102	Nasi Pecel Enak	200	active	2026-02-20 16:19:35	6d79a8bf-30c9-4730-9727-1e07ab5c93bd	nasi pecel	7229a30d-bb06-4e01-80d3-4162cabf93d9	true	0	2026-04-01 14:52:17	88c17a83-e2e4-40c1-8487-aaf4dec60c99
\.

-- Table: categories (3 rows)
COPY categories (description, parent_id, company_id, is_active, created_at, id, code, name) FROM stdin;
daftar minuman	\N	7229a30d-bb06-4e01-80d3-4162cabf93d9	true	2026-04-11 14:43:19	f9aa5d58-5aef-4f8b-a279-a463a422b38b	mnm	Minuman
barang nonfood	\N	7229a30d-bb06-4e01-80d3-4162cabf93d9	true	2026-04-11 14:43:19	98a0ffbb-2c60-4b3b-b61f-8516dd57e73d	nf	Nonfood
nasi	\N	7229a30d-bb06-4e01-80d3-4162cabf93d9	true	2026-03-10 20:39:34	88c17a83-e2e4-40c1-8487-aaf4dec60c99	mkn	makanan
\.

-- Table: units_of_measure (4 rows)
COPY units_of_measure (company_id, id, code, name, description, is_active, created_at) FROM stdin;
7229a30d-bb06-4e01-80d3-4162cabf93d9	2cf54205-b490-42d7-ad99-2311482e9b07	kg	KiloGram	berat	true	2026-02-20 16:20:08
7229a30d-bb06-4e01-80d3-4162cabf93d9	d0ee1f31-abfc-41ac-848d-d501024f55f6	pcs	PCS	unit	true	2026-02-24 10:59:45
\N	6beb083e-f892-4b69-b7b0-dc6be61ab65b	pc	Piece	satuan product	true	2026-03-10 12:13:39
\N	937e180b-a935-46eb-98c5-fabe06107db3	sad	sadsa	sadsad	true	2026-03-10 12:18:45
\.

