-- PostgreSQL Backup
-- Company: comp-2026023i (ID: 7229a30d-bb06-4e01-80d3-4162cabf93d9)
-- Backup Date: 2026-04-23 11:00:00
-- Generated by POS Retail System

SET statement_timeout = 0;
SET lock_timeout = 0;
SET client_min_messages = warning;
SET default_transaction_read_only = off;
SET client_encoding = 'UTF8';

-- Table: users (2 rows)
COPY users (email, password, company_id, is_active, phone, id, username, full_name, role, status, created_at, updated_at, last_login) FROM stdin;
fikriawan2007@gmail.com	$2a$10$UD7QtFmZCeHecha5FOfkRuEucEa.jJM73rpg7OBA6XqcSLWsQA2FW	7229a30d-bb06-4e01-80d3-4162cabf93d9	true	\N	583e3b50-e159-43bf-bd8d-e91b79975a0a	budifikri	Mochammad Budi FIkriawan	admin	active	2026-02-18 11:11:38	2026-04-23 10:39:14	2026-04-23 10:39:14
dsf@gmail.com	$2a$10$btSKL6A8iYKJo8Jqs4dJHO7t9C8Chfitzlee5IoyUjm4TL7yVpUra	7229a30d-bb06-4e01-80d3-4162cabf93d9	true	088888	a0624492-9ab0-4dbb-8d60-a1eea1c20614	kasir1	Kasir 1	cashier	active	2026-03-27 08:50:12	2026-04-23 10:41:02	2026-04-23 10:41:02
\.

-- Table: warehouses (2 rows)
COPY warehouses (is_active, id, code, name, type, address, city, phone, manager_id, status, company_id, created_at, updated_at) FROM stdin;
true	ba5226d8-4b25-4a2b-ac61-ab90c495f8bd	TK	TOKO123	MAIN	123 Test Street, Test City	Test City	+1234567890	\N	active	7229a30d-bb06-4e01-80d3-4162cabf93d9	2026-02-19 17:33:22	2026-03-03 20:16:10
false	7faf63da-41f0-465e-ad68-48d40b6a135f	WH2-20260305T07203	Second Warehouse 20260305T07203	BRANCH	456 Transfer Street	Transfer City	+1234567890	\N	inactive	7229a30d-bb06-4e01-80d3-4162cabf93d9	2026-03-05 14:20:37	2026-03-10 20:48:20
\.

-- Table: customers (1 rows)
COPY customers (lastPurchaseDate, customer_code, company_id, bank_account_number, bank_branch, updated_at, name, credit_balance, created_at, email, tier, loyalty_points, bank_name, bank_account_name, is_active, id, phone, address, city, status, credit_limit, total_purchases) FROM stdin;
\N	CUST-20260423T00425	7229a30d-bb06-4e01-80d3-4162cabf93d9			2026-04-23 07:43:12	were	0	2026-04-23 07:42:53	were	BRONZE	0			true	b129a403-17d5-491c-95e0-2b8165f3d237	ewr	ewrew	ewr	active	0	0
\.

-- Table: suppliers (3 rows)
COPY suppliers (payment_terms, created_at, updated_at, code, name, address, notes, id, email, tax_id, credit_limit, company_id, is_active, city, status, contact_person, phone) FROM stdin;
NET_30	2026-03-03 14:06:24	2026-03-03 14:06:24	SUP-1772521584647	Test Supplier 20260303T07062	123 Supplier Street	Test supplier created via API	474a9674-122b-4f92-b6ab-7f9c683b2063	supplier_20260303T07062@example.com	TAX-20260303T07062	10000	7229a30d-bb06-4e01-80d3-4162cabf93d9	true	Supplier City	active	John Doe	+1234567890
NET_30	2026-03-03 14:43:19	2026-03-03 20:07:58	SUP-1772523799582	Test Supplier 20260303T07431	123 Supplier Street	Test supplier created via API	53412491-3ae7-48f9-ada7-3a68d65bf5f0	supplier_20260303T07431@example.com	TAX-20260303T07431	10000	7229a30d-bb06-4e01-80d3-4162cabf93d9	false	Supplier City	inactive	John Doe	+1234567890
NET_30	2026-02-20 15:03:19	2026-03-03 20:10:25	SUP-1771574599094	testt	dfgdfg	\N	57658cd5-f6df-4f22-80bd-a070fc1fa4a8	fdf@gfg	dsf	0	7229a30d-bb06-4e01-80d3-4162cabf93d9	true	sddfdsf	active	dfd	fdf
\.

-- Table: purchase_orders (15 rows)
COPY purchase_orders (expected_delivery, discount_amount, company_id, approved_by, created_at, receive_number, payment_terms, status_po, status_receive, subtotal, created_by, id, po_number, supplier_id, warehouse_id, order_date, tax_amount, note_receive, total_amount, notes, updated_at, receive_date) FROM stdin;
2026-04-19 07:00:00	0	7229a30d-bb06-4e01-80d3-4162cabf93d9	\N	2026-04-19 23:53:52	RN-26-93D9-000005	NET_30	APPROVE	DRAFT	1000	583e3b50-e159-43bf-bd8d-e91b79975a0a	70de433e-fdc8-4e9e-bdd0-72ae2c2e3ba9	PO-26-93D9-000004	57658cd5-f6df-4f22-80bd-a070fc1fa4a8	ba5226d8-4b25-4a2b-ac61-ab90c495f8bd	2026-04-19 07:00:00	0	\N	1000		2026-04-21 15:04:57	\N
2026-04-21 13:59:44	0	7229a30d-bb06-4e01-80d3-4162cabf93d9	\N	2026-04-21 13:59:44	\N	NET_30	DRAFT	DRAFT	57700	583e3b50-e159-43bf-bd8d-e91b79975a0a	20a1196e-ada7-4a71-957a-06d89a049cc3	PO-26-93D9-000005	474a9674-122b-4f92-b6ab-7f9c683b2063	ba5226d8-4b25-4a2b-ac61-ab90c495f8bd	2026-04-21 13:59:44	0	\N	57700		2026-04-21 13:59:44	\N
2026-04-21 14:50:58	0	7229a30d-bb06-4e01-80d3-4162cabf93d9	\N	2026-04-21 14:50:58	\N	NET_30	DRAFT	DRAFT	1000	583e3b50-e159-43bf-bd8d-e91b79975a0a	02f37238-0e29-42f4-9d8f-756421b6f84c	PO-26-93D9-000007	474a9674-122b-4f92-b6ab-7f9c683b2063	ba5226d8-4b25-4a2b-ac61-ab90c495f8bd	2026-04-21 14:50:58	0	\N	1000		2026-04-21 14:50:58	\N
2026-04-19 07:00:00	0	7229a30d-bb06-4e01-80d3-4162cabf93d9	\N	2026-04-19 07:44:36	RN-26-93D9-000001	NET_30	APPROVE	DRAFT	6000	583e3b50-e159-43bf-bd8d-e91b79975a0a	eb382757-fe8b-4af9-b8b7-edb61e4aba2a	PO-26-93D9-000001	474a9674-122b-4f92-b6ab-7f9c683b2063	ba5226d8-4b25-4a2b-ac61-ab90c495f8bd	2026-04-19 07:00:00	0	\N	6000		2026-04-19 23:23:06	\N
2026-04-19 07:00:00	0	7229a30d-bb06-4e01-80d3-4162cabf93d9	\N	2026-04-19 10:31:40	RN-26-93D9-000002	NET_30	APPROVE	DRAFT	5000	583e3b50-e159-43bf-bd8d-e91b79975a0a	09b043ec-c043-423c-8aad-5182d7557bca	PO-26-93D9-000002	474a9674-122b-4f92-b6ab-7f9c683b2063	ba5226d8-4b25-4a2b-ac61-ab90c495f8bd	2026-04-19 07:00:00	0	\N	5000		2026-04-19 23:23:28	\N
2026-04-21 07:00:00	0	7229a30d-bb06-4e01-80d3-4162cabf93d9	\N	2026-04-21 14:52:33	RN-26-93D9-000004	NET_30	APPROVE	DRAFT	1000	583e3b50-e159-43bf-bd8d-e91b79975a0a	00956582-9acc-4954-9679-fff80c17d554	PO-26-93D9-000008	474a9674-122b-4f92-b6ab-7f9c683b2063	ba5226d8-4b25-4a2b-ac61-ab90c495f8bd	2026-04-21 07:00:00	0	\N	1000		2026-04-21 14:52:51	\N
2026-04-21 14:53:13	0	7229a30d-bb06-4e01-80d3-4162cabf93d9	\N	2026-04-21 14:53:13	\N	NET_30	DRAFT	DRAFT	1000	583e3b50-e159-43bf-bd8d-e91b79975a0a	587abeb4-fd4a-402f-9a0c-0fbe11bce762	PO-26-93D9-000009	57658cd5-f6df-4f22-80bd-a070fc1fa4a8	ba5226d8-4b25-4a2b-ac61-ab90c495f8bd	2026-04-21 14:53:13	0	\N	1000		2026-04-21 14:53:13	\N
2026-04-21 14:53:47	0	7229a30d-bb06-4e01-80d3-4162cabf93d9	\N	2026-04-21 14:53:47	\N	NET_30	DRAFT	DRAFT	1000	583e3b50-e159-43bf-bd8d-e91b79975a0a	6dd2d2ec-7eb1-4da1-b1b2-b189c08a6aad	PO-26-93D9-000010	474a9674-122b-4f92-b6ab-7f9c683b2063	ba5226d8-4b25-4a2b-ac61-ab90c495f8bd	2026-04-21 14:53:47	0	\N	1000		2026-04-21 14:53:47	\N
2026-04-21 14:56:02	0	7229a30d-bb06-4e01-80d3-4162cabf93d9	\N	2026-04-21 14:56:02	\N	NET_30	DRAFT	DRAFT	3000	583e3b50-e159-43bf-bd8d-e91b79975a0a	074e2565-8fa6-489d-95ec-d8063e464e6d	PO-26-93D9-000011	474a9674-122b-4f92-b6ab-7f9c683b2063	ba5226d8-4b25-4a2b-ac61-ab90c495f8bd	2026-04-21 14:56:02	0	\N	3000		2026-04-21 14:56:02	\N
2026-04-21 15:03:32	0	7229a30d-bb06-4e01-80d3-4162cabf93d9	\N	2026-04-21 15:03:32	\N	NET_30	APPROVE	DRAFT	3000	583e3b50-e159-43bf-bd8d-e91b79975a0a	b49c89a6-c9b9-4398-9546-7bf898cf5eb5	PO-26-93D9-000012	474a9674-122b-4f92-b6ab-7f9c683b2063	ba5226d8-4b25-4a2b-ac61-ab90c495f8bd	2026-04-21 15:03:32	0	\N	3000		2026-04-21 15:03:32	\N
2026-04-21 15:05:52	0	7229a30d-bb06-4e01-80d3-4162cabf93d9	\N	2026-04-21 15:05:52	\N	NET_30	APPROVE	DRAFT	3200	583e3b50-e159-43bf-bd8d-e91b79975a0a	069ba9b3-823a-4ce6-834e-d57c8c80c33f	PO-26-93D9-000014	474a9674-122b-4f92-b6ab-7f9c683b2063	ba5226d8-4b25-4a2b-ac61-ab90c495f8bd	2026-04-21 15:05:52	0	\N	3200		2026-04-21 15:05:52	\N
2026-04-21 15:03:54	0	7229a30d-bb06-4e01-80d3-4162cabf93d9	\N	2026-04-21 15:03:54	\N	NET_30	APPROVE	DRAFT	1000	583e3b50-e159-43bf-bd8d-e91b79975a0a	45b07662-33bd-4366-beea-3f8c363253df	PO-26-93D9-000013	474a9674-122b-4f92-b6ab-7f9c683b2063	ba5226d8-4b25-4a2b-ac61-ab90c495f8bd	2026-04-21 15:03:54	0	\N	1000		2026-04-21 15:03:54	\N
2026-04-21 07:00:00	0	7229a30d-bb06-4e01-80d3-4162cabf93d9	\N	2026-04-21 14:48:33	\N	NET_30	APPROVE	DRAFT	1200	583e3b50-e159-43bf-bd8d-e91b79975a0a	a2b1cf89-4101-4530-8e9a-03d6e6347944	PO-26-93D9-000006	57658cd5-f6df-4f22-80bd-a070fc1fa4a8	ba5226d8-4b25-4a2b-ac61-ab90c495f8bd	2026-04-21 07:00:00	0	\N	1200		2026-04-21 15:10:43	\N
2026-04-19 07:00:00	0	7229a30d-bb06-4e01-80d3-4162cabf93d9	\N	2026-04-19 22:59:32	RN-26-93D9-000003	NET_30	APPROVE	receive	72000	583e3b50-e159-43bf-bd8d-e91b79975a0a	4b98eba2-205b-4f7b-8dee-9f5c931b9fb6	PO-26-93D9-000003	474a9674-122b-4f92-b6ab-7f9c683b2063	ba5226d8-4b25-4a2b-ac61-ab90c495f8bd	2026-04-19 07:00:00	0	PARTIAL	72000		2026-04-21 17:03:41	2026-04-21 07:00:00
2026-04-23 10:40:38	0	7229a30d-bb06-4e01-80d3-4162cabf93d9	\N	2026-04-23 10:40:38	\N	NET_30	DRAFT	DRAFT	4000	583e3b50-e159-43bf-bd8d-e91b79975a0a	1ffc3c75-f612-414a-a287-a5fedfaf4ad4	PO-26-93D9-000015	57658cd5-f6df-4f22-80bd-a070fc1fa4a8	ba5226d8-4b25-4a2b-ac61-ab90c495f8bd	2026-04-23 10:40:38	0	\N	4000		2026-04-23 10:40:38	\N
\.

-- Table: cash_drawers (1 rows)
COPY cash_drawers (cashier_id, expected_balance, updated_at, notes, deposit_invoice_id, variance, warehouse_id, opening_balance, created_at, id, drawer_number, company_id, status, closing_balance, opened_at, closed_at) FROM stdin;
a0624492-9ab0-4dbb-8d60-a1eea1c20614	20000	2026-04-23 10:05:56		\N	\N	ba5226d8-4b25-4a2b-ac61-ab90c495f8bd	20000	2026-04-23 10:05:56	76e94bdb-a443-42cb-97d1-db4ae7ecf64d	CD-1776913556108	7229a30d-bb06-4e01-80d3-4162cabf93d9	OPEN	\N	2026-04-23 10:05:56	\N
\.

-- Table: purchase_order_items (29 rows)
COPY purchase_order_items (id, po_id, product_id, qty_po, qty_receive, unit_price, tax_rate, discount_rate) FROM stdin;
abbf2bf7-0495-4886-b85f-28f5d27e380f	eb382757-fe8b-4af9-b8b7-edb61e4aba2a	6d79a8bf-30c9-4730-9727-1e07ab5c93bd	10	0	200	0	0
33b341d4-34b5-4cf5-8d12-80e43af8dede	eb382757-fe8b-4af9-b8b7-edb61e4aba2a	80315d11-94d9-4d03-bd79-25eade94738d	1	0	1000	0	0
4d23f4a1-8ede-465a-a20f-1d2220b7f7a3	eb382757-fe8b-4af9-b8b7-edb61e4aba2a	b7ac25a2-3d8b-479d-83d9-ff8ddefb265c	1	0	3000	0	0
33f9a275-0457-4f1b-9422-32c45754959c	09b043ec-c043-423c-8aad-5182d7557bca	b7ac25a2-3d8b-479d-83d9-ff8ddefb265c	1	0	3000	0	0
4443b041-c033-4cb9-ab24-d4812b5f4a0a	09b043ec-c043-423c-8aad-5182d7557bca	80315d11-94d9-4d03-bd79-25eade94738d	1	0	1000	0	0
3984840a-5c7e-4db9-9d00-838b87ad9e3c	a66644fa-9734-4294-ad09-dac618dc6bf9	20afbb46-9d89-4087-adb2-f874552b7479	1	1	2000	0	0
d8109b67-7e63-4912-a2ec-8410c559f270	23b83e99-bbc2-467a-af9b-85c7f95b830c	20afbb46-9d89-4087-adb2-f874552b7479	1	1	2000	0	0
93b0cd48-b4b0-4c1f-8fd2-aa267149a5df	09b043ec-c043-423c-8aad-5182d7557bca	6d79a8bf-30c9-4730-9727-1e07ab5c93bd	5	0	200	0	0
4bf1b3af-7996-4c59-9a84-815a075017ed	8e897c4a-d613-49e2-96a2-842cb69c18c5	20afbb46-9d89-4087-adb2-f874552b7479	1	1	2000	0	0
b93ceae7-76db-4aaf-952e-10004257bce4	20a1196e-ada7-4a71-957a-06d89a049cc3	80315d11-94d9-4d03-bd79-25eade94738d	1	0	1000	0	0
526b192a-b6ee-40c9-8401-c60239d5aeaa	3dd1a94e-2ee0-496f-bf4f-038bb8d39772	20afbb46-9d89-4087-adb2-f874552b7479	20	0	1500	0	0
8c067ffe-683b-45bc-9d14-42dfdb0d2efd	20a1196e-ada7-4a71-957a-06d89a049cc3	b7ac25a2-3d8b-479d-83d9-ff8ddefb265c	21	0	2700	0	0
e6c01b26-51be-4307-b8d1-0fda47e4b248	02f37238-0e29-42f4-9d8f-756421b6f84c	80315d11-94d9-4d03-bd79-25eade94738d	1	0	1000	0	0
e4342a84-9c3b-43d1-9336-cfa888f38627	00956582-9acc-4954-9679-fff80c17d554	80315d11-94d9-4d03-bd79-25eade94738d	1	0	1000	0	0
db711848-be37-4afd-82ef-06a024323a2e	587abeb4-fd4a-402f-9a0c-0fbe11bce762	80315d11-94d9-4d03-bd79-25eade94738d	1	0	1000	0	0
89871f78-bf88-4607-b19e-6e22c232be4b	6dd2d2ec-7eb1-4da1-b1b2-b189c08a6aad	80315d11-94d9-4d03-bd79-25eade94738d	1	0	1000	0	0
dc3d2426-41ea-4f03-af32-2053f1d40c87	074e2565-8fa6-489d-95ec-d8063e464e6d	b7ac25a2-3d8b-479d-83d9-ff8ddefb265c	1	0	3000	0	0
a33c4205-574f-4f34-96cb-32c48150afa0	b49c89a6-c9b9-4398-9546-7bf898cf5eb5	b7ac25a2-3d8b-479d-83d9-ff8ddefb265c	1	0	3000	0	0
95454c0e-e4dd-4f7b-aa3f-2b6ca6fb5077	45b07662-33bd-4366-beea-3f8c363253df	80315d11-94d9-4d03-bd79-25eade94738d	1	0	1000	0	0
2ced3231-8cee-4914-803d-5a6392a1282e	70de433e-fdc8-4e9e-bdd0-72ae2c2e3ba9	80315d11-94d9-4d03-bd79-25eade94738d	1	0	1000	0	0
3610da1c-76f6-4790-9915-e62ddf37153f	069ba9b3-823a-4ce6-834e-d57c8c80c33f	b7ac25a2-3d8b-479d-83d9-ff8ddefb265c	1	0	3000	0	0
9ecfc832-9a9b-4e37-a94f-657b438b42e4	069ba9b3-823a-4ce6-834e-d57c8c80c33f	6d79a8bf-30c9-4730-9727-1e07ab5c93bd	1	0	200	0	0
25c9cb87-70b7-4d93-9bbd-c9c914f7a1ce	a2b1cf89-4101-4530-8e9a-03d6e6347944	80315d11-94d9-4d03-bd79-25eade94738d	1	0	1000	0	0
b9566f08-4611-44d4-a0ab-0bdcfc6f171e	a2b1cf89-4101-4530-8e9a-03d6e6347944	6d79a8bf-30c9-4730-9727-1e07ab5c93bd	1	0	200	0	0
152da556-b6fc-4dde-b882-fb89284c1674	4b98eba2-205b-4f7b-8dee-9f5c931b9fb6	b7ac25a2-3d8b-479d-83d9-ff8ddefb265c	20	0	3000	0	0
6bd9245d-c376-4e20-aa98-fe705897e07e	4b98eba2-205b-4f7b-8dee-9f5c931b9fb6	6d79a8bf-30c9-4730-9727-1e07ab5c93bd	10	0	200	0	0
6e352986-7644-4ad9-b7ab-cd8cdec3a2f3	4b98eba2-205b-4f7b-8dee-9f5c931b9fb6	80315d11-94d9-4d03-bd79-25eade94738d	10	0	1000	0	0
6c5102be-bf30-413a-ab12-d6cb7283bd7a	1ffc3c75-f612-414a-a287-a5fedfaf4ad4	80315d11-94d9-4d03-bd79-25eade94738d	1	0	1000	0	0
c0af391f-6dad-41a4-9dbf-8e8acca7b254	1ffc3c75-f612-414a-a287-a5fedfaf4ad4	b7ac25a2-3d8b-479d-83d9-ff8ddefb265c	1	0	3000	0	0
\.

-- Table: purchase_return_items (11 rows)
COPY purchase_return_items (id, return_id, unit_price, amount, discount, tax_rate, po_item_id, product_id, quantity, notes) FROM stdin;
e52835b0-ff24-4e2b-8da2-e2ca53259f27	1928d830-324e-40d0-90d2-28d168d7b66f	2000	4000	0	0	00000000-0000-0000-0000-000000000000	20afbb46-9d89-4087-adb2-f874552b7479	2	
c45ebbac-2ed0-40a1-b845-54db4f9a3aef	1e827e52-fd70-44e1-994b-09c6c0f6f235	2000	2000	0	0	00000000-0000-0000-0000-000000000000	20afbb46-9d89-4087-adb2-f874552b7479	1	
bbe572c8-08ba-440b-bd20-e644f405a6e3	7ca3a40d-056e-4b92-8426-9a4e5ac79d6d	2000	2000	0	0	00000000-0000-0000-0000-000000000000	20afbb46-9d89-4087-adb2-f874552b7479	1	
5d5efc60-6a20-43fc-8741-36f11fef31b4	57460918-c311-41b2-9592-d636eb4e41dd	2000	2000	0	0	00000000-0000-0000-0000-000000000000	20afbb46-9d89-4087-adb2-f874552b7479	1	
f7c888a6-40c9-4a71-a0bc-ee080f579bf4	32200a9d-642b-4d24-86b3-4425aebb07f8	2000	2000	0	0	00000000-0000-0000-0000-000000000000	20afbb46-9d89-4087-adb2-f874552b7479	1	
b4436858-3198-4609-9c8a-21dd962e5f39	3e377261-afc7-41db-931e-e19586618b2e	2000	2000	0	0	00000000-0000-0000-0000-000000000000	20afbb46-9d89-4087-adb2-f874552b7479	1	
83fdc1fa-e25f-4ae4-b109-f746b2efd516	b089db6e-918c-4b41-a915-b2b70c0d528f	100	100	0	0	00000000-0000-0000-0000-000000000000	20afbb46-9d89-4087-adb2-f874552b7479	1	
8e40512b-cbdf-4043-badf-3aaef32f9ac3	ca735863-1f75-4312-8555-8e05fc1a3249	100	100	0	0	00000000-0000-0000-0000-000000000000	20afbb46-9d89-4087-adb2-f874552b7479	1	
b6541898-e4fd-4023-ba42-b5bec0e2171d	1bcf88d2-aa2f-4b92-a8af-f96204be7335	100	100	0	0	00000000-0000-0000-0000-000000000000	20afbb46-9d89-4087-adb2-f874552b7479	1	
896d041c-f665-4e7c-97b5-feefdf77ccb7	8c017509-e77e-4508-aef0-825a5f5913e5	100	100	0	0	00000000-0000-0000-0000-000000000000	20afbb46-9d89-4087-adb2-f874552b7479	1	
6dee9d1a-41cc-432a-b3b7-c10c763d4323	11204a47-3e0e-4b79-8b9e-9246163913fd	100	100	0	0	00000000-0000-0000-0000-000000000000	20afbb46-9d89-4087-adb2-f874552b7479	1	
\.

-- Table: cash_drawer_transactions (1 rows)
COPY cash_drawer_transactions (sale_id, reason, id, type, payment_method, created_at, created_by, cash_drawer_id, amount, balance_after) FROM stdin;
\N	Opening cash drawer	ad5fdbc5-dcf5-482b-baac-ff3202ea51f7	OPENING	\N	2026-04-23 10:05:56	a0624492-9ab0-4dbb-8d60-a1eea1c20614	76e94bdb-a443-42cb-97d1-db4ae7ecf64d	20000	20000
\.

-- Table: promotions (1 rows)
COPY promotions (discount_value, start_time, end_time, usage_limit, name, scope, buy_quantity, start_date, is_active, usage_count, min_purchase_amount, end_date, created_at, code, max_discount_amount, get_quantity, id, description, promotion_type) FROM stdin;
10	\N	\N	\N	dfsdfsd	ALL	1	2026-04-01 07:00:00	true	0	0	2026-04-01 07:00:00	2026-04-12 13:30:20	DP00001	\N	1	5936bddd-a809-41d8-9044-3d91d6a2e6f9	testtt	PERCENTAGE
\.

-- Table: price_tiers (7 rows)
COPY price_tiers (is_active, created_at, id, product_id, tier_name, min_quantity, max_quantity, unit_price) FROM stdin;
true	2026-04-11 08:15:37	5e815082-e020-4ffe-a72e-2dd2c3abdea8	b7ac25a2-3d8b-479d-83d9-ff8ddefb265c	Grosir 1	3	\N	4500
true	2026-04-11 08:15:37	41d6823c-72bd-4c45-aa8f-8d42fb6620e3	b7ac25a2-3d8b-479d-83d9-ff8ddefb265c	Grosir 2	6	\N	4000
true	2026-04-11 08:15:37	49b295c7-0c19-4008-ab3f-2db996a73a5a	b7ac25a2-3d8b-479d-83d9-ff8ddefb265c	Grosir 3	12	\N	3500
true	2026-04-13 08:04:49	fb8f25be-4455-4d8f-968e-168a0d73120b	80315d11-94d9-4d03-bd79-25eade94738d	Grosir 1	3	\N	1900
true	2026-04-09 17:27:13	fc6db036-972b-4660-b6fe-569ac8bf6ce7	20afbb46-9d89-4087-adb2-f874552b7479	Grosir 2	3	\N	1900
true	2026-04-09 17:27:13	020f8d94-8427-40dd-9f9f-9b8c7098146d	20afbb46-9d89-4087-adb2-f874552b7479	Grosir 1	6	\N	1700
true	2026-04-09 17:27:13	fc242980-a53c-4e6b-a5f5-f1b00e48eaba	20afbb46-9d89-4087-adb2-f874552b7479	Grosir 3	12	\N	1600
\.

-- Table: products (3 rows)
COPY products (sku, barcode, unit_id, cost_price, retail_price, company_id, is_active, id, description, tax_rate, reorder_point, created_at, updated_at, category_id, is_trackable, name, status) FROM stdin;
200	100	d0ee1f31-abfc-41ac-848d-d501024f55f6	3000	5000	7229a30d-bb06-4e01-80d3-4162cabf93d9	true	b7ac25a2-3d8b-479d-83d9-ff8ddefb265c	nasi gurame enak	0	0	2026-03-17 09:48:30	2026-04-11 08:15:37	88c17a83-e2e4-40c1-8487-aaf4dec60c99	false	Nasi Gurame	active
201	101	d0ee1f31-abfc-41ac-848d-d501024f55f6	1000	2000	7229a30d-bb06-4e01-80d3-4162cabf93d9	true	80315d11-94d9-4d03-bd79-25eade94738d	\N	0	0	2026-03-30 07:51:35	2026-04-13 08:04:49	88c17a83-e2e4-40c1-8487-aaf4dec60c99	false	Nasi Padang	active
202	102	d0ee1f31-abfc-41ac-848d-d501024f55f6	200	500	7229a30d-bb06-4e01-80d3-4162cabf93d9	true	6d79a8bf-30c9-4730-9727-1e07ab5c93bd	Nasi Pecel Enak	0	0	2026-02-20 16:19:35	2026-04-01 14:52:17	88c17a83-e2e4-40c1-8487-aaf4dec60c99	false	nasi pecel	active
\.

-- Table: categories (4 rows)
COPY categories (is_active, created_at, id, code, name, description, parent_id, company_id) FROM stdin;
true	2026-04-11 14:43:19	98a0ffbb-2c60-4b3b-b61f-8516dd57e73d	nf	Nonfood	barang nonfood	\N	7229a30d-bb06-4e01-80d3-4162cabf93d9
true	2026-03-10 20:39:34	88c17a83-e2e4-40c1-8487-aaf4dec60c99	TEST01	Test Kategori Baru		\N	7229a30d-bb06-4e01-80d3-4162cabf93d9
true	2026-04-23 08:24:49	0ee6e45f-6577-4f27-bee4-5740ca57d1aa	TEST02	Kategori Test Baru		\N	7229a30d-bb06-4e01-80d3-4162cabf93d9
true	2026-04-11 14:43:19	f9aa5d58-5aef-4f8b-a279-a463a422b38b	mnm	Minuman	daftar minuman	\N	7229a30d-bb06-4e01-80d3-4162cabf93d9
\.

-- Table: units_of_measure (5 rows)
COPY units_of_measure (code, name, description, is_active, created_at, company_id, id) FROM stdin;
un	Unit	sdfsdf	true	2026-04-23 08:24:29	7229a30d-bb06-4e01-80d3-4162cabf93d9	80a309c7-946b-418b-8c01-e66e0a8c1722
pcs	PCS	unit	true	2026-02-24 10:59:45	7229a30d-bb06-4e01-80d3-4162cabf93d9	d0ee1f31-abfc-41ac-848d-d501024f55f6
213	21321	2132	true	2026-02-20 16:20:08	7229a30d-bb06-4e01-80d3-4162cabf93d9	2cf54205-b490-42d7-ad99-2311482e9b07
pc	Piece	satuan product	true	2026-03-10 12:13:39	\N	6beb083e-f892-4b69-b7b0-dc6be61ab65b
sad	sadsa	sadsad	true	2026-03-10 12:18:45	\N	937e180b-a935-46eb-98c5-fabe06107db3
\.

