-- PostgreSQL Backup
-- Company: comp-2026023i (ID: 7229a30d-bb06-4e01-80d3-4162cabf93d9)
-- Backup Date: 2026-04-29 11:00:00
-- Generated by POS Retail System

SET statement_timeout = 0;
SET lock_timeout = 0;
SET client_min_messages = warning;
SET default_transaction_read_only = off;
SET client_encoding = 'UTF8';

-- Table: users (2 rows)
COPY users (updated_at, is_active, username, full_name, role, company_id, last_login, phone, id, email, password, status, created_at) FROM stdin;
2026-04-29 08:08:31	true	kasir1	Kasir 1	cashier	7229a30d-bb06-4e01-80d3-4162cabf93d9	2026-04-29 08:08:31	088888	a0624492-9ab0-4dbb-8d60-a1eea1c20614	dsf@gmail.com	$2a$10$btSKL6A8iYKJo8Jqs4dJHO7t9C8Chfitzlee5IoyUjm4TL7yVpUra	active	2026-03-27 08:50:12
2026-04-26 12:48:24	true	budifikri	Mochammad Budi FIkriawan	admin	7229a30d-bb06-4e01-80d3-4162cabf93d9	2026-04-26 12:48:24	\N	583e3b50-e159-43bf-bd8d-e91b79975a0a	fikriawan2007@gmail.com	$2a$10$UD7QtFmZCeHecha5FOfkRuEucEa.jJM73rpg7OBA6XqcSLWsQA2FW	active	2026-02-18 11:11:38
\.

-- Table: warehouses (2 rows)
COPY warehouses (code, name, type, city, phone, manager_id, created_at, status, address, company_id, updated_at, is_active, id) FROM stdin;
TK	TOKO123	MAIN	Test City	+1234567890	\N	2026-02-19 17:33:22	active	123 Test Street, Test City	7229a30d-bb06-4e01-80d3-4162cabf93d9	2026-03-03 20:16:10	true	ba5226d8-4b25-4a2b-ac61-ab90c495f8bd
WH2-20260305T07203	Second Warehouse 20260305T07203	BRANCH	Transfer City	+1234567890	\N	2026-03-05 14:20:37	inactive	456 Transfer Street	7229a30d-bb06-4e01-80d3-4162cabf93d9	2026-03-10 20:48:20	false	7faf63da-41f0-465e-ad68-48d40b6a135f
\.

-- Table: customers (1 rows)
COPY customers (email, city, loyalty_points, id, name, phone, address, tier, company_id, bank_account_number, bank_branch, status, credit_balance, total_purchases, updated_at, is_active, customer_code, credit_limit, lastPurchaseDate, bank_name, bank_account_name, created_at) FROM stdin;
were	ewr	0	b129a403-17d5-491c-95e0-2b8165f3d237	were	ewr	ewrew	BRONZE	7229a30d-bb06-4e01-80d3-4162cabf93d9			active	0	0	2026-04-23 07:43:12	true	CUST-20260423T00425	0	\N			2026-04-23 07:42:53
\.

-- Table: suppliers (3 rows)
COPY suppliers (status, code, name, contact_person, company_id, is_active, tax_id, notes, created_at, updated_at, email, address, city, payment_terms, id, phone, credit_limit) FROM stdin;
active	SUP-1772521584647	Test Supplier 20260303T07062	John Doe	7229a30d-bb06-4e01-80d3-4162cabf93d9	true	TAX-20260303T07062	Test supplier created via API	2026-03-03 14:06:24	2026-03-03 14:06:24	supplier_20260303T07062@example.com	123 Supplier Street	Supplier City	NET_30	474a9674-122b-4f92-b6ab-7f9c683b2063	+1234567890	10000
inactive	SUP-1772523799582	Test Supplier 20260303T07431	John Doe	7229a30d-bb06-4e01-80d3-4162cabf93d9	false	TAX-20260303T07431	Test supplier created via API	2026-03-03 14:43:19	2026-03-03 20:07:58	supplier_20260303T07431@example.com	123 Supplier Street	Supplier City	NET_30	53412491-3ae7-48f9-ada7-3a68d65bf5f0	+1234567890	10000
active	SUP-1771574599094	testt	dfd	7229a30d-bb06-4e01-80d3-4162cabf93d9	true	dsf	\N	2026-02-20 15:03:19	2026-03-03 20:10:25	fdf@gfg	dfgdfg	sddfdsf	NET_30	57658cd5-f6df-4f22-80bd-a070fc1fa4a8	fdf	0
\.

-- Table: sales (6 rows)
COPY sales (discount_amount, change_amount, loyalty_points_redeemed, cashier_id, paid_amount, loyalty_points_earned, id, sale_number, sale_date, total_amount, updated_at, customer_id, company_id, cash_drawer_id, status, subtotal, tax_amount, notes, created_at, warehouse_id) FROM stdin;
4000	4000	0	a0624492-9ab0-4dbb-8d60-a1eea1c20614	40000	3	30168143-ab1b-49ae-8415-9202850c4c3c	SLS-20260424-887	2026-04-24 07:07:03	36000	2026-04-24 07:07:03	\N	7229a30d-bb06-4e01-80d3-4162cabf93d9	6b9a66f9-1479-4e46-a495-8ad9184d6afa	DONE	36000	0		2026-04-24 07:07:03	ba5226d8-4b25-4a2b-ac61-ab90c495f8bd
200	200	0	a0624492-9ab0-4dbb-8d60-a1eea1c20614	2000	0	a5faf962-24ef-4b9d-9b58-72a96dfb085b	SLS-20260425-199	2026-04-25 11:35:47	1800	2026-04-25 11:35:47	\N	7229a30d-bb06-4e01-80d3-4162cabf93d9	6b9a66f9-1479-4e46-a495-8ad9184d6afa	DONE	1800	0		2026-04-25 11:35:47	ba5226d8-4b25-4a2b-ac61-ab90c495f8bd
200	200	0	a0624492-9ab0-4dbb-8d60-a1eea1c20614	2000	0	9ed0899e-d9d5-4914-a0dc-692b1a44aaa6	SLS-20260425-306	2026-04-25 11:36:25	1800	2026-04-25 11:36:25	\N	7229a30d-bb06-4e01-80d3-4162cabf93d9	6b9a66f9-1479-4e46-a495-8ad9184d6afa	DONE	1800	0		2026-04-25 11:36:25	ba5226d8-4b25-4a2b-ac61-ab90c495f8bd
200	200	0	a0624492-9ab0-4dbb-8d60-a1eea1c20614	2000	0	cbcca085-2d1b-4fe1-bba9-3d335f447276	SLS-20260426-974	2026-04-26 11:36:03	1800	2026-04-26 11:36:03	\N	7229a30d-bb06-4e01-80d3-4162cabf93d9	6b9a66f9-1479-4e46-a495-8ad9184d6afa	DONE	1800	0		2026-04-26 11:36:03	ba5226d8-4b25-4a2b-ac61-ab90c495f8bd
9000	9000	0	a0624492-9ab0-4dbb-8d60-a1eea1c20614	90000	8	aa9738cd-56ce-4a80-8bac-213c1eb8a1ae	SLS-20260427-765	2026-04-27 06:40:21	81000	2026-04-27 06:40:21	\N	7229a30d-bb06-4e01-80d3-4162cabf93d9	6b9a66f9-1479-4e46-a495-8ad9184d6afa	DONE	81000	0		2026-04-27 06:40:21	ba5226d8-4b25-4a2b-ac61-ab90c495f8bd
200	200	0	a0624492-9ab0-4dbb-8d60-a1eea1c20614	2000	0	2364588b-c297-467c-ae63-5dc2e3137987	SLS-20260427-884	2026-04-27 09:23:07	1800	2026-04-27 09:23:07	\N	7229a30d-bb06-4e01-80d3-4162cabf93d9	6b9a66f9-1479-4e46-a495-8ad9184d6afa	DONE	1800	0		2026-04-27 09:23:07	ba5226d8-4b25-4a2b-ac61-ab90c495f8bd
\.

-- Table: purchase_orders (3 rows)
COPY purchase_orders (warehouse_id, expected_delivery, subtotal, total_amount, notes, receive_date, po_number, discount_amount, company_id, created_at, order_date, status_receive, tax_amount, created_by, updated_at, receive_number, payment_terms, status_po, note_receive, approved_by, id, supplier_id) FROM stdin;
ba5226d8-4b25-4a2b-ac61-ab90c495f8bd	2026-04-24 06:57:23	420000	420000		2026-04-24 07:00:00	PO-26-93D9-000001	0	7229a30d-bb06-4e01-80d3-4162cabf93d9	2026-04-24 06:57:23	2026-04-24 06:57:23	receive	0	583e3b50-e159-43bf-bd8d-e91b79975a0a	2026-04-24 06:58:15	\N	NET_30	APPROVE	COMPLETE	\N	2c2d6f41-802b-432a-8221-314226074ea9	474a9674-122b-4f92-b6ab-7f9c683b2063
ba5226d8-4b25-4a2b-ac61-ab90c495f8bd	2026-04-24 07:03:04	200000	200000		2026-04-24 07:00:00	PO-26-93D9-000002	0	7229a30d-bb06-4e01-80d3-4162cabf93d9	2026-04-24 07:03:04	2026-04-24 07:03:04	receive	0	583e3b50-e159-43bf-bd8d-e91b79975a0a	2026-04-24 07:05:47	\N	NET_30	APPROVE	COMPLETE	\N	344113bf-22c1-416d-b76f-04656cd5cb05	474a9674-122b-4f92-b6ab-7f9c683b2063
ba5226d8-4b25-4a2b-ac61-ab90c495f8bd	2026-04-24 07:00:00	200000	200000		\N	PO-26-93D9-000003	0	7229a30d-bb06-4e01-80d3-4162cabf93d9	2026-04-24 10:06:24	2026-04-24 07:00:00	DRAFT	0	583e3b50-e159-43bf-bd8d-e91b79975a0a	2026-04-24 10:19:52	\N	NET_30	VOID	\N	\N	5239eb24-6003-47a2-b0c3-f4f9190d5e27	474a9674-122b-4f92-b6ab-7f9c683b2063
\.

-- Table: purchase_returns (1 rows)
COPY purchase_returns (return_number, po_id, warehouse_id, company_id, return_date, created_by, approved_by, supplier_id, status, reason, total_amount, created_at, updated_at, id) FROM stdin;
PR-26-93d9-000001	00000000-0000-0000-0000-000000000000	ba5226d8-4b25-4a2b-ac61-ab90c495f8bd	7229a30d-bb06-4e01-80d3-4162cabf93d9	2026-04-24 12:39:30	583e3b50-e159-43bf-bd8d-e91b79975a0a	00000000-0000-0000-0000-000000000000	474a9674-122b-4f92-b6ab-7f9c683b2063	APPROVED		30000	2026-04-24 12:39:30	2026-04-24 12:39:30	e35d87c6-be99-4274-9411-14cf1a7a646b
\.

-- Table: cash_drawers (1 rows)
COPY cash_drawers (expected_balance, closed_at, id, warehouse_id, company_id, opening_balance, opened_at, created_at, drawer_number, cashier_id, status, closing_balance, variance, notes, deposit_invoice_id, updated_at) FROM stdin;
338000	\N	6b9a66f9-1479-4e46-a495-8ad9184d6afa	ba5226d8-4b25-4a2b-ac61-ab90c495f8bd	7229a30d-bb06-4e01-80d3-4162cabf93d9	200000	2026-04-24 07:06:50	2026-04-24 07:06:50	CD-1776989210284	a0624492-9ab0-4dbb-8d60-a1eea1c20614	OPEN	\N	\N		\N	2026-04-27 09:23:07
\.

-- Table: stock_opnames (1 rows)
COPY stock_opnames (status, notes, created_at, id, updated_at, company_id, opname_number, warehouse_id, user_id, opname_date) FROM stdin;
approved		2026-04-25 07:42:14	28d72f1b-5684-4f61-8736-ef0bad863963	2026-04-25 07:42:20	7229a30d-bb06-4e01-80d3-4162cabf93d9	OP-26-93d9-000001	ba5226d8-4b25-4a2b-ac61-ab90c495f8bd	583e3b50-e159-43bf-bd8d-e91b79975a0a	2026-04-25 07:00:00
\.

-- Table: sale_items (7 rows)
COPY sale_items (id, product_id, quantity, original_price, price_tier_id, cost_price, sale_id, unit_price, discount_amount, tax_rate, promotion_id, notes) FROM stdin;
fc415e48-30a5-408b-bc06-54a9a57331f1	80315d11-94d9-4d03-bd79-25eade94738d	20	2000	\N	0	30168143-ab1b-49ae-8415-9202850c4c3c	1800	200	0	5936bddd-a809-41d8-9044-3d91d6a2e6f9	DP00001 - dfsdfsd
267c7cbe-273b-43c3-b9a6-08353d5896c0	80315d11-94d9-4d03-bd79-25eade94738d	1	2000	\N	0	a5faf962-24ef-4b9d-9b58-72a96dfb085b	1800	200	0	5936bddd-a809-41d8-9044-3d91d6a2e6f9	DP00001 - dfsdfsd
af29295a-b997-4930-8d04-e5e86dd2642d	80315d11-94d9-4d03-bd79-25eade94738d	1	2000	\N	0	9ed0899e-d9d5-4914-a0dc-692b1a44aaa6	1800	200	0	5936bddd-a809-41d8-9044-3d91d6a2e6f9	DP00001 - dfsdfsd
f113e816-8789-48b2-a159-d7c1b91dff11	80315d11-94d9-4d03-bd79-25eade94738d	1	2000	\N	0	cbcca085-2d1b-4fe1-bba9-3d335f447276	1800	200	0	5936bddd-a809-41d8-9044-3d91d6a2e6f9	DP00001 - dfsdfsd
59f1f2af-4a09-4a4c-a361-98046aacb156	80315d11-94d9-4d03-bd79-25eade94738d	20	2000	\N	0	aa9738cd-56ce-4a80-8bac-213c1eb8a1ae	1800	200	0	5936bddd-a809-41d8-9044-3d91d6a2e6f9	DP00001 - dfsdfsd
f2dd0ce9-1d1b-4b8b-8923-bb4c4c505a04	b7ac25a2-3d8b-479d-83d9-ff8ddefb265c	10	5000	\N	0	aa9738cd-56ce-4a80-8bac-213c1eb8a1ae	4500	500	0	5936bddd-a809-41d8-9044-3d91d6a2e6f9	DP00001 - dfsdfsd
cd2eada0-f990-4b59-be41-45248dce1f14	80315d11-94d9-4d03-bd79-25eade94738d	1	2000	\N	0	2364588b-c297-467c-ae63-5dc2e3137987	1800	200	0	5936bddd-a809-41d8-9044-3d91d6a2e6f9	DP00001 - dfsdfsd
\.

-- Table: sale_payments (6 rows)
COPY sale_payments (payment_method, amount, reference_number, card_last_4, notes, created_at, id, sale_id) FROM stdin;
CASH	40000				2026-04-24 07:07:03	2078af9a-9f7c-45aa-a77a-4a3b4c307162	30168143-ab1b-49ae-8415-9202850c4c3c
CASH	2000				2026-04-25 11:35:47	2c3116e0-2758-4e12-b80f-470d14d22720	a5faf962-24ef-4b9d-9b58-72a96dfb085b
CASH	2000				2026-04-25 11:36:25	6b7c4af5-4eaa-4f8d-99c7-062f68da54d5	9ed0899e-d9d5-4914-a0dc-692b1a44aaa6
CASH	2000				2026-04-26 11:36:03	18276a09-ab1a-4c59-8409-4d3bb1b9be79	cbcca085-2d1b-4fe1-bba9-3d335f447276
CASH	90000				2026-04-27 06:40:21	4bf8981a-2a68-4eef-b580-869f9f069215	aa9738cd-56ce-4a80-8bac-213c1eb8a1ae
CASH	2000				2026-04-27 09:23:07	af0ecf3a-1810-4c5f-8642-283aae642c39	2364588b-c297-467c-ae63-5dc2e3137987
\.

-- Table: purchase_order_items (9 rows)
COPY purchase_order_items (qty_po, qty_receive, unit_price, tax_rate, discount_rate, id, po_id, product_id) FROM stdin;
100	100	3000	0	0	0628622f-ef54-4760-b25b-43adbb9ae1e2	2c2d6f41-802b-432a-8221-314226074ea9	b7ac25a2-3d8b-479d-83d9-ff8ddefb265c
100	100	1000	0	0	6c36e9e9-6ebf-4421-862b-ee8e5ff3c82c	2c2d6f41-802b-432a-8221-314226074ea9	80315d11-94d9-4d03-bd79-25eade94738d
100	100	200	0	0	93bba8aa-553a-4bb8-8be8-564fedaa5709	2c2d6f41-802b-432a-8221-314226074ea9	6d79a8bf-30c9-4730-9727-1e07ab5c93bd
200	200	1000	0	0	f54e55ca-54b3-4287-b9c9-9287eba2c6ac	344113bf-22c1-416d-b76f-04656cd5cb05	80315d11-94d9-4d03-bd79-25eade94738d
200	0	1000	0	0	ee3e88d6-4d99-44c8-bf6f-ca6470ccd386	5239eb24-6003-47a2-b0c3-f4f9190d5e27	80315d11-94d9-4d03-bd79-25eade94738d
1	1	2000	0	0	3984840a-5c7e-4db9-9d00-838b87ad9e3c	a66644fa-9734-4294-ad09-dac618dc6bf9	20afbb46-9d89-4087-adb2-f874552b7479
1	1	2000	0	0	d8109b67-7e63-4912-a2ec-8410c559f270	23b83e99-bbc2-467a-af9b-85c7f95b830c	20afbb46-9d89-4087-adb2-f874552b7479
1	1	2000	0	0	4bf1b3af-7996-4c59-9a84-815a075017ed	8e897c4a-d613-49e2-96a2-842cb69c18c5	20afbb46-9d89-4087-adb2-f874552b7479
20	0	1500	0	0	526b192a-b6ee-40c9-8401-c60239d5aeaa	3dd1a94e-2ee0-496f-bf4f-038bb8d39772	20afbb46-9d89-4087-adb2-f874552b7479
\.

-- Table: purchase_return_items (12 rows)
COPY purchase_return_items (unit_price, amount, notes, discount, tax_rate, id, return_id, po_item_id, product_id, quantity) FROM stdin;
2000	4000		0	0	e52835b0-ff24-4e2b-8da2-e2ca53259f27	1928d830-324e-40d0-90d2-28d168d7b66f	00000000-0000-0000-0000-000000000000	20afbb46-9d89-4087-adb2-f874552b7479	2
2000	2000		0	0	c45ebbac-2ed0-40a1-b845-54db4f9a3aef	1e827e52-fd70-44e1-994b-09c6c0f6f235	00000000-0000-0000-0000-000000000000	20afbb46-9d89-4087-adb2-f874552b7479	1
2000	2000		0	0	bbe572c8-08ba-440b-bd20-e644f405a6e3	7ca3a40d-056e-4b92-8426-9a4e5ac79d6d	00000000-0000-0000-0000-000000000000	20afbb46-9d89-4087-adb2-f874552b7479	1
2000	2000		0	0	5d5efc60-6a20-43fc-8741-36f11fef31b4	57460918-c311-41b2-9592-d636eb4e41dd	00000000-0000-0000-0000-000000000000	20afbb46-9d89-4087-adb2-f874552b7479	1
2000	2000		0	0	f7c888a6-40c9-4a71-a0bc-ee080f579bf4	32200a9d-642b-4d24-86b3-4425aebb07f8	00000000-0000-0000-0000-000000000000	20afbb46-9d89-4087-adb2-f874552b7479	1
2000	2000		0	0	b4436858-3198-4609-9c8a-21dd962e5f39	3e377261-afc7-41db-931e-e19586618b2e	00000000-0000-0000-0000-000000000000	20afbb46-9d89-4087-adb2-f874552b7479	1
100	100		0	0	83fdc1fa-e25f-4ae4-b109-f746b2efd516	b089db6e-918c-4b41-a915-b2b70c0d528f	00000000-0000-0000-0000-000000000000	20afbb46-9d89-4087-adb2-f874552b7479	1
100	100		0	0	8e40512b-cbdf-4043-badf-3aaef32f9ac3	ca735863-1f75-4312-8555-8e05fc1a3249	00000000-0000-0000-0000-000000000000	20afbb46-9d89-4087-adb2-f874552b7479	1
100	100		0	0	b6541898-e4fd-4023-ba42-b5bec0e2171d	1bcf88d2-aa2f-4b92-a8af-f96204be7335	00000000-0000-0000-0000-000000000000	20afbb46-9d89-4087-adb2-f874552b7479	1
100	100		0	0	896d041c-f665-4e7c-97b5-feefdf77ccb7	8c017509-e77e-4508-aef0-825a5f5913e5	00000000-0000-0000-0000-000000000000	20afbb46-9d89-4087-adb2-f874552b7479	1
100	100		0	0	6dee9d1a-41cc-432a-b3b7-c10c763d4323	11204a47-3e0e-4b79-8b9e-9246163913fd	00000000-0000-0000-0000-000000000000	20afbb46-9d89-4087-adb2-f874552b7479	1
3000	30000		0	0	a0f2560a-119c-4b39-a40d-706e7786955c	e35d87c6-be99-4274-9411-14cf1a7a646b	00000000-0000-0000-0000-000000000000	b7ac25a2-3d8b-479d-83d9-ff8ddefb265c	10
\.

-- Table: cash_drawer_transactions (7 rows)
COPY cash_drawer_transactions (created_at, type, sale_id, reason, created_by, id, cash_drawer_id, amount, balance_after, payment_method) FROM stdin;
2026-04-24 07:06:50	OPENING	\N	Opening cash drawer	a0624492-9ab0-4dbb-8d60-a1eea1c20614	0238030f-6162-4064-b3ea-6f0499e208f8	6b9a66f9-1479-4e46-a495-8ad9184d6afa	200000	200000	\N
2026-04-24 07:07:03	CASH_IN	30168143-ab1b-49ae-8415-9202850c4c3c	Penjualan #SLS-20260424-887	a0624492-9ab0-4dbb-8d60-a1eea1c20614	87ccbfb5-8031-4722-91b2-5b7a2e2c4c20	6b9a66f9-1479-4e46-a495-8ad9184d6afa	40000	240000	\N
2026-04-25 11:35:47	CASH_IN	a5faf962-24ef-4b9d-9b58-72a96dfb085b	Penjualan #SLS-20260425-199	a0624492-9ab0-4dbb-8d60-a1eea1c20614	a0ffb4a8-f799-476f-8738-10f9c72f0dae	6b9a66f9-1479-4e46-a495-8ad9184d6afa	2000	242000	\N
2026-04-25 11:36:25	CASH_IN	9ed0899e-d9d5-4914-a0dc-692b1a44aaa6	Penjualan #SLS-20260425-306	a0624492-9ab0-4dbb-8d60-a1eea1c20614	adf47d5f-be7a-4a4d-ac63-1dc12be03867	6b9a66f9-1479-4e46-a495-8ad9184d6afa	2000	244000	\N
2026-04-26 11:36:03	CASH_IN	cbcca085-2d1b-4fe1-bba9-3d335f447276	Penjualan #SLS-20260426-974	a0624492-9ab0-4dbb-8d60-a1eea1c20614	f78eb760-f1a7-49e8-b747-400d485e8a5e	6b9a66f9-1479-4e46-a495-8ad9184d6afa	2000	246000	\N
2026-04-27 06:40:21	CASH_IN	aa9738cd-56ce-4a80-8bac-213c1eb8a1ae	Penjualan #SLS-20260427-765	a0624492-9ab0-4dbb-8d60-a1eea1c20614	64e14308-7d1c-4ffc-8cd7-feeb86e7aace	6b9a66f9-1479-4e46-a495-8ad9184d6afa	90000	336000	\N
2026-04-27 09:23:07	CASH_IN	2364588b-c297-467c-ae63-5dc2e3137987	Penjualan #SLS-20260427-884	a0624492-9ab0-4dbb-8d60-a1eea1c20614	2c83ee19-83d1-4e4e-a4b8-4341e83e5ba1	6b9a66f9-1479-4e46-a495-8ad9184d6afa	2000	338000	\N
\.

-- Table: stock_opname_items (1 rows)
COPY stock_opname_items (opname_id, product_id, actual_quantity, status, cost_price, id, system_quantity, difference, notes) FROM stdin;
28d72f1b-5684-4f61-8736-ef0bad863963	b7ac25a2-3d8b-479d-83d9-ff8ddefb265c	10	done	0	17afc51d-0cb9-460e-9c29-4a2c46a56c2d	90	-80	broken
\.

-- Table: promotions (1 rows)
COPY promotions (usage_count, created_at, code, description, max_discount_amount, get_quantity, start_date, end_time, usage_limit, id, name, discount_value, min_purchase_amount, start_time, is_active, promotion_type, buy_quantity, scope, end_date) FROM stdin;
0	2026-04-12 13:30:20	DP00001	testtt	\N	1	2026-04-01 07:00:00	\N	\N	5936bddd-a809-41d8-9044-3d91d6a2e6f9	dfsdfsd	10	0	\N	true	PERCENTAGE	1	ALL	2026-04-01 07:00:00
\.

-- Table: price_tiers (7 rows)
COPY price_tiers (tier_name, min_quantity, max_quantity, unit_price, is_active, created_at, id, product_id) FROM stdin;
Grosir 1	3	\N	4500	true	2026-04-11 08:15:37	5e815082-e020-4ffe-a72e-2dd2c3abdea8	b7ac25a2-3d8b-479d-83d9-ff8ddefb265c
Grosir 2	6	\N	4000	true	2026-04-11 08:15:37	41d6823c-72bd-4c45-aa8f-8d42fb6620e3	b7ac25a2-3d8b-479d-83d9-ff8ddefb265c
Grosir 3	12	\N	3500	true	2026-04-11 08:15:37	49b295c7-0c19-4008-ab3f-2db996a73a5a	b7ac25a2-3d8b-479d-83d9-ff8ddefb265c
Grosir 1	3	\N	1900	true	2026-04-13 08:04:49	fb8f25be-4455-4d8f-968e-168a0d73120b	80315d11-94d9-4d03-bd79-25eade94738d
Grosir 2	3	\N	1900	true	2026-04-09 17:27:13	fc6db036-972b-4660-b6fe-569ac8bf6ce7	20afbb46-9d89-4087-adb2-f874552b7479
Grosir 1	6	\N	1700	true	2026-04-09 17:27:13	020f8d94-8427-40dd-9f9f-9b8c7098146d	20afbb46-9d89-4087-adb2-f874552b7479
Grosir 3	12	\N	1600	true	2026-04-09 17:27:13	fc242980-a53c-4e6b-a5f5-f1b00e48eaba	20afbb46-9d89-4087-adb2-f874552b7479
\.

-- Table: products (3 rows)
COPY products (reorder_point, company_id, id, cost_price, created_at, is_active, sku, retail_price, updated_at, barcode, unit_id, status, tax_rate, is_trackable, name, description, category_id) FROM stdin;
0	7229a30d-bb06-4e01-80d3-4162cabf93d9	b7ac25a2-3d8b-479d-83d9-ff8ddefb265c	3000	2026-03-17 09:48:30	true	200	5000	2026-04-11 08:15:37	100	d0ee1f31-abfc-41ac-848d-d501024f55f6	active	0	false	Nasi Gurame	nasi gurame enak	88c17a83-e2e4-40c1-8487-aaf4dec60c99
0	7229a30d-bb06-4e01-80d3-4162cabf93d9	80315d11-94d9-4d03-bd79-25eade94738d	1000	2026-03-30 07:51:35	true	201	2000	2026-04-13 08:04:49	101	d0ee1f31-abfc-41ac-848d-d501024f55f6	active	0	false	Nasi Padang	\N	88c17a83-e2e4-40c1-8487-aaf4dec60c99
0	7229a30d-bb06-4e01-80d3-4162cabf93d9	6d79a8bf-30c9-4730-9727-1e07ab5c93bd	200	2026-02-20 16:19:35	true	202	500	2026-04-01 14:52:17	102	d0ee1f31-abfc-41ac-848d-d501024f55f6	active	0	false	nasi pecel	Nasi Pecel Enak	88c17a83-e2e4-40c1-8487-aaf4dec60c99
\.

-- Table: categories (4 rows)
COPY categories (description, parent_id, company_id, is_active, created_at, id, code, name) FROM stdin;
barang nonfood	\N	7229a30d-bb06-4e01-80d3-4162cabf93d9	true	2026-04-11 14:43:19	98a0ffbb-2c60-4b3b-b61f-8516dd57e73d	nf	Nonfood
	\N	7229a30d-bb06-4e01-80d3-4162cabf93d9	true	2026-03-10 20:39:34	88c17a83-e2e4-40c1-8487-aaf4dec60c99	TEST01	Test Kategori Baru
	\N	7229a30d-bb06-4e01-80d3-4162cabf93d9	true	2026-04-23 08:24:49	0ee6e45f-6577-4f27-bee4-5740ca57d1aa	TEST02	Kategori Test Baru
daftar minuman	\N	7229a30d-bb06-4e01-80d3-4162cabf93d9	true	2026-04-11 14:43:19	f9aa5d58-5aef-4f8b-a279-a463a422b38b	mnm	Minuman
\.

-- Table: units_of_measure (5 rows)
COPY units_of_measure (description, is_active, created_at, company_id, id, code, name) FROM stdin;
sdfsdf	true	2026-04-23 08:24:29	7229a30d-bb06-4e01-80d3-4162cabf93d9	80a309c7-946b-418b-8c01-e66e0a8c1722	un	Unit
unit	true	2026-02-24 10:59:45	7229a30d-bb06-4e01-80d3-4162cabf93d9	d0ee1f31-abfc-41ac-848d-d501024f55f6	pcs	PCS
2132	true	2026-02-20 16:20:08	7229a30d-bb06-4e01-80d3-4162cabf93d9	2cf54205-b490-42d7-ad99-2311482e9b07	213	21321
satuan product	true	2026-03-10 12:13:39	\N	6beb083e-f892-4b69-b7b0-dc6be61ab65b	pc	Piece
sadsad	true	2026-03-10 12:18:45	\N	937e180b-a935-46eb-98c5-fabe06107db3	sad	sadsa
\.

